date,tests,cases,county
2019-07-06,720,14,California
2019-07-13,682,5,California
2019-07-20,676,9,California
2019-07-27,650,7,California
2019-08-03,657,5,California
2019-08-10,600,8,California
2019-08-17,660,10,California
2019-08-24,638,9,California
2019-08-31,886,18,California
2019-09-07,894,12,California
2019-09-14,960,11,California
2019-09-21,1126,14,California
2019-09-28,1216,15,California
2019-10-05,2191,30,California
2019-10-12,2334,45,California
2019-10-19,2466,45,California
2019-10-26,2432,65,California
2019-11-02,2522,114,California
2019-11-09,3047,284,California
2019-11-16,3467,414,California
2019-11-23,3647,466,California
2019-11-30,3363,506,California
2019-12-07,4098,681,California
2019-12-14,4543,876,California
2019-12-21,4906,1390,California
2019-12-28,5006,1281,California
2020-01-04,5550,1460,California
2020-01-11,6016,1623,California
2020-01-18,6601,2065,California
2020-01-25,7238,2317,California
2020-02-01,58,2,California
2020-02-01,7367,2253,California
2020-02-02,42,3,California
2020-02-03,25,0,California
2020-02-04,30,1,California
2020-02-05,46,1,California
2020-02-06,14,1,California
2020-02-07,493,62,California
2020-02-08,18,2,California
2020-02-08,7192,1953,California
2020-02-09,18,1,California
2020-02-10,18,1,California
2020-02-11,39,0,California
2020-02-12,4,0,California
2020-02-13,11,0,California
2020-02-14,19,0,California
2020-02-15,6922,1957,California
2020-02-15,43,1,California
2020-02-16,65,2,California
2020-02-17,84,0,California
2020-02-18,19,1,California
2020-02-19,10,0,California
2020-02-20,24,2,California
2020-02-21,18,2,California
2020-02-22,29,0,California
2020-02-22,6039,1603,California
2020-02-23,37,3,California
2020-02-24,21,3,California
2020-02-25,11,1,California
2020-02-26,24,3,California
2020-02-27,79,9,California
2020-02-28,117,17,California
2020-02-29,95,18,California
2020-02-29,6273,1470,California
2020-03-01,83,9,California
2020-03-02,176,26,California
2020-03-03,136,25,California
2020-03-04,234,39,California
2020-03-05,370,36,California
2020-03-06,413,31,California
2020-03-07,6385,1236,California
2020-03-07,509,75,California
2020-03-08,356,53,California
2020-03-09,1012,129,California
2020-03-10,1227,128,California
2020-03-11,1969,180,California
2020-03-12,3395,216,California
2020-03-13,4370,310,California
2020-03-14,2770,314,California
2020-03-14,6531,645,California
2020-03-15,3029,277,California
2020-03-16,7837,594,California
2020-03-17,8913,653,California
2020-03-18,8948,616,California
2020-03-19,9055,678,California
2020-03-20,9795,736,California
2020-03-21,3962,144,California
2020-03-21,5031,484,California
2020-03-22,5301,651,California
2020-03-23,12873,1270,California
2020-03-24,12137,1177,California
2020-03-25,11743,1220,California
2020-03-26,11984,1189,California
2020-03-27,12639,1333,California
2020-03-28,2512,24,California
2020-03-28,6660,940,California
2020-03-29,7011,840,California
2020-03-30,14049,1642,California
2020-03-31,13877,1575,California
2020-04-01,14795,1739,California
2020-04-02,15790,1706,California
2020-04-03,14025,1532,California
2020-04-04,7233,1089,California
2020-04-04,1780,13,California
2020-04-05,6088,840,California
2020-04-06,14373,1780,California
2020-04-07,16069,1794,California
2020-04-08,17495,1706,California
2020-04-09,18316,1733,California
2020-04-10,16201,1630,California
2020-04-11,1278,7,California
2020-04-11,7416,988,California
2020-04-12,6712,972,California
2020-04-13,16913,1920,California
2020-04-14,19291,1953,California
2020-04-15,19680,1897,California
2020-04-16,19782,1874,California
2020-04-17,19807,1802,California
2020-04-18,1182,0,California
2020-04-18,10856,1049,California
2020-04-19,10582,1306,California
2020-04-20,24441,2144,California
2020-04-21,23683,2015,California
2020-04-22,23395,2139,California
2020-04-23,28099,2239,California
2020-04-24,30728,2332,California
2020-04-25,1105,1,California
2020-04-25,14918,1330,California
2020-04-26,19364,1544,California
2020-04-27,32793,2678,California
2020-04-28,36361,2624,California
2020-04-29,41134,2340,California
2020-04-30,41520,2409,California
2020-05-01,42612,2204,California
2020-05-02,811,4,California
2020-05-02,18738,1130,California
2020-05-03,25429,1316,California
2020-05-04,45961,3054,California
2020-05-05,52384,2915,California
2020-05-06,54445,2908,California
2020-05-07,50494,2524,California
2020-05-08,50107,2536,California
2020-05-09,803,0,California
2020-05-09,19610,1183,California
2020-05-10,24056,1521,California
2020-05-11,54170,2739,California
2020-05-12,59408,2951,California
2020-05-13,56873,3338,California
2020-05-14,57339,3262,California
2020-05-15,52614,2855,California
2020-05-16,33042,1639,California
2020-05-16,753,3,California
2020-05-17,21353,1540,California
2020-05-18,63601,3782,California
2020-05-19,66623,3673,California
2020-05-20,64836,3582,California
2020-05-21,65992,3537,California
2020-05-22,64050,3155,California
2020-05-23,34518,1636,California
2020-05-23,707,0,California
2020-05-24,19751,1186,California
2020-05-25,27182,2329,California
2020-05-26,76576,4877,California
2020-05-27,73011,4474,California
2020-05-28,69469,4035,California
2020-05-29,73838,4426,California
2020-05-30,559,1,California
2020-05-30,37892,1922,California
2020-05-31,27211,1647,California
2020-06-01,69063,3937,California
2020-06-02,72631,4550,California
2020-06-03,72112,4147,California
2020-06-04,74109,4163,California
2020-06-05,79531,4193,California
2020-06-06,39705,2304,California
2020-06-06,610,0,California
2020-06-07,33630,2129,California
2020-06-08,86676,4653,California
2020-06-09,89254,5102,California
2020-06-10,87517,5250,California
2020-06-11,89196,4995,California
2020-06-12,87217,4975,California
2020-06-13,592,1,California
2020-06-13,43080,2805,California
2020-06-14,34740,2602,California
2020-06-15,92443,6478,California
2020-06-16,98966,7520,California
2020-06-17,100040,7787,California
2020-06-18,99692,7904,California
2020-06-19,98710,7955,California
2020-06-20,571,0,California
2020-06-20,48795,4701,California
2020-06-21,35458,3505,California
2020-06-22,109124,9887,California
2020-06-23,121811,10772,California
2020-06-24,121816,10876,California
2020-06-25,128083,11411,California
2020-06-26,128200,10921,California
2020-06-27,489,0,California
2020-06-27,55034,5553,California
2020-06-28,53858,5368,California
2020-06-29,123356,11820,California
2020-06-30,134288,12586,California
2020-07-01,137836,12311,California
2020-07-02,127358,11357,California
2020-07-03,78459,7937,California
2020-07-04,498,0,California
2020-07-04,28977,3952,California
2020-07-05,49784,5446,California
2020-07-06,147418,13585,California
2020-07-07,145207,14274,California
2020-07-08,158556,14732,California
2020-07-09,153684,14303,California
2020-07-10,149331,13825,California
2020-07-11,624,0,California
2020-07-11,77076,8294,California
2020-07-12,53241,5590,California
2020-07-13,155898,14132,California
2020-07-14,164921,14777,California
2020-07-15,163291,14262,California
2020-07-16,160178,13755,California
2020-07-17,144011,13018,California
2020-07-18,564,0,California
2020-07-18,83089,8044,California
2020-07-19,58690,5521,California
2020-07-20,163605,13865,California
2020-07-21,163035,13763,California
2020-07-22,147691,12732,California
2020-07-23,137413,11163,California
2020-07-24,116180,9515,California
2020-07-25,563,0,California
2020-07-25,65627,6123,California
2020-07-26,47021,3794,California
2020-07-27,158560,11628,California
2020-07-28,157221,11851,California
2020-07-29,150231,11117,California
2020-07-30,140866,10285,California
2020-07-31,134376,9732,California
2020-08-01,465,0,California
2020-08-01,70466,5791,California
2020-08-02,47357,3556,California
2020-08-03,148075,10279,California
2020-08-04,155382,10249,California
2020-08-05,144028,8733,California
2020-08-06,136104,8674,California
2020-08-07,119634,8169,California
2020-08-08,482,2,California
2020-08-08,62232,4732,California
2020-08-09,43742,3083,California
2020-08-10,135500,8815,California
2020-08-11,138041,8867,California
2020-08-12,144554,8562,California
2020-08-13,123835,7316,California
2020-08-14,115057,7132,California
2020-08-15,502,1,California
2020-08-15,59138,4144,California
2020-08-16,40684,2645,California
2020-08-17,130069,7376,California
2020-08-18,128598,6931,California
2020-08-19,127030,6493,California
2020-08-20,113989,6331,California
2020-08-21,106508,6254,California
2020-08-22,497,2,California
2020-08-22,55691,3587,California
2020-08-23,40727,2615,California
2020-08-24,125164,6608,California
2020-08-25,129902,6792,California
2020-08-26,128090,6280,California
2020-08-27,112118,5570,California
2020-08-28,103705,5310,California
2020-08-29,479,0,California
2020-08-29,55267,3131,California
2020-08-30,41909,2062,California
2020-08-31,126468,5735,California
2020-09-01,132049,5731,California
2020-09-02,130675,5513,California
2020-09-03,112623,4796,California
2020-09-04,105249,4679,California
2020-09-05,423,0,California
2020-09-05,45566,2219,California
2020-09-06,34898,1667,California
2020-09-07,45466,1932,California
2020-09-08,155777,6023,California
2020-09-09,140261,4874,California
2020-09-10,125451,4277,California
2020-09-11,112403,4229,California
2020-09-12,54737,2390,California
2020-09-12,452,0,California
2020-09-13,44506,1694,California
2020-09-14,132399,4999,California
2020-09-15,146635,4856,California
2020-09-16,137098,4745,California
2020-09-17,128663,4416,California
2020-09-18,114253,4344,California
2020-09-19,550,2,California
2020-09-19,58733,2608,California
2020-09-20,49823,1938,California
2020-09-21,144676,4869,California
2020-09-22,153446,4712,California
2020-09-23,146600,4808,California
2020-09-24,132173,4454,California
2020-09-25,116480,4465,California
2020-09-26,61542,2445,California
2020-09-26,590,0,California
2020-09-27,51308,1915,California
2020-09-28,147282,4778,California
2020-09-29,153111,4978,California
2020-09-30,149086,4552,California
2020-10-01,136036,4628,California
2020-10-02,129774,4241,California
2020-10-03,636,1,California
2020-10-03,69555,2627,California
2020-10-04,58233,1929,California
2020-10-05,171151,5009,California
2020-10-06,181095,4776,California
2020-10-07,170428,4670,California
2020-10-08,159942,4923,California
2020-10-09,137408,4492,California
2020-10-10,68647,2928,California
2020-10-10,811,2,California
2020-10-11,59391,1954,California
2020-10-12,164865,5021,California
2020-10-13,183967,4960,California
2020-10-14,173592,4736,California
2020-10-15,160055,4943,California
2020-10-16,139033,4717,California
2020-10-17,70976,3203,California
2020-10-17,1057,1,California
2020-10-18,64007,2314,California
2020-10-19,186434,6034,California
2020-10-20,189524,5632,California
2020-10-21,176370,5193,California
2020-10-22,163843,5465,California
2020-10-23,139309,5379,California
2020-10-24,71953,3167,California
2020-10-24,979,1,California
2020-10-25,67329,2281,California
2020-10-26,187438,6108,California
2020-10-27,192542,5549,California
2020-10-28,183492,5471,California
2020-10-29,171131,5838,California
2020-10-30,148545,6006,California
2020-10-31,1160,7,California
2020-10-31,73016,4028,California
2020-11-01,82101,3096,California
2020-11-02,207868,8869,California
2020-11-03,210227,8691,California
2020-11-04,208459,9369,California
2020-11-05,198268,9740,California
2020-11-06,172711,9350,California
2020-11-07,1198,2,California
2020-11-07,90658,6175,California
2020-11-08,89345,3974,California
2020-11-09,234194,12123,California
2020-11-10,230555,11643,California
2020-11-11,206665,11087,California
2020-11-12,236424,13665,California
2020-11-13,206901,13363,California
2020-11-14,115987,9549,California
2020-11-14,5155,9,California
2020-11-15,108189,7049,California
2020-11-16,279176,18883,California
2020-11-17,299844,19299,California
2020-11-18,292944,19402,California
2020-11-19,294180,19869,California
2020-11-20,264002,19183,California
2020-11-21,6922,4,California
2020-11-21,157700,12496,California
2020-11-22,136926,9038,California
2020-11-23,345544,23289,California
2020-11-24,321368,24120,California
2020-11-25,244036,22535,California
2020-11-26,52049,5978,California
2020-11-27,148547,17187,California
2020-11-28,6038,3,California
2020-11-28,153104,20067,California
2020-11-29,147561,14445,California
2020-11-30,368441,36720,California
2020-12-01,378004,38053,California
2020-12-02,357528,38924,California
2020-12-03,347875,38847,California
2020-12-04,307948,37107,California
2020-12-05,177043,26081,California
2020-12-05,7663,7,California
2020-12-06,156222,18339,California
2020-12-07,391592,46618,California
2020-12-08,383990,46634,California
2020-12-09,372885,48634,California
2020-12-10,353146,46760,California
2020-12-11,308400,43746,California
2020-12-12,8876,8,California
2020-12-12,190371,32469,California
2020-12-13,170412,22547,California
2020-12-14,401569,54444,California
2020-12-15,409343,57466,California
2020-12-16,400454,55926,California
2020-12-17,396933,54984,California
2020-12-18,338272,49354,California
2020-12-19,206294,33979,California
2020-12-19,9496,8,California
2020-12-20,180401,22676,California
2020-12-21,439054,57291,California
2020-12-22,428065,59531,California
2020-12-23,363816,53683,California
2020-12-24,159607,24257,California
2020-12-25,55938,11034,California
2020-12-26,194831,40045,California
2020-12-26,7451,6,California
2020-12-27,174846,27137,California
2020-12-28,418237,66596,California
2020-12-29,428051,72777,California
2020-12-30,380688,65576,California
2020-12-31,214252,35461,California
2021-01-01,76806,13899,California
2021-01-02,216770,43607,California
2021-01-02,7298,11,California
2021-01-03,200990,29333,California
2021-01-04,471651,70987,California
2021-01-05,460114,69043,California
2021-01-06,432712,62766,California
2021-01-07,410504,57688,California
2021-01-08,343097,50461,California
2021-01-09,9025,11,California
2021-01-09,206635,34435,California
2021-01-10,190672,22189,California
2021-01-11,454208,53554,California
2021-01-12,420670,49741,California
2021-01-13,393772,45911,California
2021-01-14,383533,43704,California
2021-01-15,304246,38093,California
2021-01-16,8734,2,California
2021-01-16,172710,25509,California
2021-01-17,146377,16207,California
2021-01-18,314873,29461,California
2021-01-19,394741,36839,California
2021-01-20,354083,33718,California
2021-01-21,349469,31514,California
2021-01-22,275383,27405,California
2021-01-23,7583,2,California
2021-01-23,136865,17303,California
2021-01-24,145528,12587,California
2021-01-25,343197,26614,California
2021-01-26,322333,25105,California
2021-01-27,288367,22239,California
2021-01-28,281925,20614,California
2021-01-29,227598,17967,California
2021-01-30,7008,1,California
2021-01-30,125230,14359,California
2021-01-31,140721,9611,California
2021-02-01,340946,21000,California
2021-02-02,317582,19236,California
2021-02-03,297917,18519,California
2021-02-04,289875,16396,California
2021-02-05,229856,15091,California
2021-02-06,6811,4,California
2021-02-06,114588,9499,California
2021-02-07,127205,6874,California
2021-02-08,317188,14071,California
2021-02-09,298977,12471,California
2021-02-10,268582,11590,California
2021-02-11,250199,10502,California
2021-02-12,184468,9191,California
2021-02-13,92532,6178,California
2021-02-13,6365,4,California
2021-02-14,84424,4383,California
2021-02-15,212803,7288,California
2021-02-16,285802,9202,California
2021-02-17,248311,7940,California
2021-02-18,230244,6833,California
2021-02-19,181266,6492,California
2021-02-20,6185,7,California
2021-02-20,89990,4230,California
2021-02-21,110224,3384,California
2021-02-22,268392,6714,California
2021-02-23,252639,5991,California
2021-02-24,238312,5831,California
2021-02-25,213681,5132,California
2021-02-26,170416,4867,California
2021-02-27,84044,3300,California
2021-02-27,6345,3,California
2021-02-28,105209,2436,California
2021-03-01,270247,5017,California
2021-03-02,243367,4731,California
2021-03-03,224785,4636,California
2021-03-04,205912,4328,California
2021-03-05,161092,3954,California
2021-03-06,76548,2691,California
2021-03-06,6600,4,California
2021-03-07,104924,2121,California
2021-03-08,262412,4546,California
2021-03-09,239619,3991,California
2021-03-10,217648,3794,California
2021-03-11,197437,3853,California
2021-03-12,158221,3497,California
2021-03-13,6236,2,California
2021-03-13,76182,2364,California
2021-03-14,90583,1787,California
2021-03-15,260111,3990,California
2021-03-16,242973,3817,California
2021-03-17,224718,3816,California
2021-03-18,193804,3347,California
2021-03-19,160062,3216,California
2021-03-20,6153,4,California
2021-03-20,75812,2033,California
2021-03-21,93929,1793,California
2021-03-22,264620,3654,California
2021-03-23,235231,3357,California
2021-03-24,221089,3769,California
2021-03-25,192476,3346,California
2021-03-26,153311,3101,California
2021-03-27,74379,1967,California
2021-03-27,5928,2,California
2021-03-28,92690,1665,California
2021-03-29,260566,3638,California
2021-03-30,229362,3267,California
2021-03-31,190663,3298,California
2021-04-01,181712,3165,California
2021-04-02,147520,2999,California
2021-04-03,4269,0,California
2021-04-03,72624,1996,California
2021-04-04,91695,1447,California
2021-04-05,271023,3746,California
2021-04-06,242820,3334,California
2021-04-07,228721,3488,California
2021-04-08,202138,3148,California
2021-04-09,165884,3172,California
2021-04-10,2045,3,California
2021-04-10,79370,2155,California
2021-04-11,110143,1733,California
2021-04-12,302031,3700,California
2021-04-13,265033,3263,California
2021-04-14,248081,3411,California
2021-04-15,225166,3048,California
2021-04-16,180151,3085,California
2021-04-17,2000,1,California
2021-04-17,83886,1906,California
2021-04-18,108530,1596,California
2021-04-19,300585,3270,California
2021-04-20,267920,2874,California
2021-04-21,243752,2989,California
2021-04-22,220132,2698,California
2021-04-23,174384,2696,California
2021-04-24,81420,1662,California
2021-04-24,2196,2,California
2021-04-25,105136,1336,California
2021-04-26,298074,2867,California
2021-04-27,261635,2625,California
2021-04-28,235728,2547,California
2021-04-29,208841,2462,California
2021-04-30,152325,2361,California
2021-05-01,2413,1,California
2021-05-01,72699,1545,California
2021-05-02,101882,1142,California
2021-05-03,286748,2606,California
2021-05-04,253441,2353,California
2021-05-05,232903,2305,California
2021-05-06,203366,2325,California
2021-05-07,149818,2060,California
2021-05-08,2258,1,California
2021-05-08,69892,1246,California
2021-05-09,108232,973,California
2021-05-10,284436,2268,California
2021-05-11,253527,2208,California
2021-05-12,232469,2086,California
2021-05-13,201118,1814,California
2021-05-14,139190,1764,California
2021-05-15,1846,0,California
2021-05-15,65830,1129,California
2021-05-16,112191,979,California
2021-05-17,275596,1923,California
2021-05-18,238519,1848,California
2021-05-19,221583,1697,California
2021-05-20,194553,1591,California
2021-05-21,133986,1433,California
2021-05-22,63144,893,California
2021-05-22,1869,3,California
2021-05-23,107459,780,California
2021-05-24,256314,1645,California
2021-05-25,225456,1553,California
2021-05-26,198879,1460,California
2021-05-27,175379,1324,California
2021-05-28,115041,1243,California
2021-05-29,1826,0,California
2021-05-29,57478,721,California
2021-05-30,56301,661,California
2021-05-31,119335,578,California
2021-06-01,273360,1711,California
2021-06-02,212423,1415,California
2021-06-03,191687,1294,California
2021-06-04,134425,1273,California
2021-06-05,1809,0,California
2021-06-05,65471,833,California
2021-06-06,95779,699,California
2021-06-07,204656,1516,California
2021-06-08,178873,1352,California
2021-06-09,168689,1251,California
2021-06-10,153551,1201,California
2021-06-11,113814,1173,California
2021-06-12,1930,0,California
2021-06-12,63345,753,California
2021-06-13,74026,696,California
2021-06-14,163759,1456,California
2021-06-15,150388,1301,California
2021-06-16,136151,1385,California
2021-06-17,127596,1372,California
2021-06-18,104573,1253,California
2021-06-19,1894,0,California
2021-06-19,60399,913,California
2021-06-20,71138,712,California
2021-06-21,163237,1656,California
2021-06-22,149121,1660,California
2021-06-23,135148,1645,California
2021-06-24,126058,1794,California
2021-06-25,103273,1612,California
2021-06-26,1887,0,California
2021-06-26,60381,1098,California
2021-06-27,76549,1030,California
2021-06-28,160541,2321,California
2021-06-29,153312,2254,California
2021-06-30,140875,2446,California
2021-07-01,119202,2532,California
2021-07-02,103858,2366,California
2021-07-03,1965,0,California
2021-07-03,61392,1619,California
2021-07-04,32045,908,California
2021-07-05,106869,2353,California
2021-07-06,180730,4037,California
2021-07-07,149124,4351,California
2021-07-08,139739,4469,California
2021-07-09,114044,4442,California
2021-07-10,61743,3183,California
2021-07-10,1959,0,California
2021-07-11,72790,3108,California
2021-07-12,166652,5758,California
2021-07-13,158348,5775,California
2021-07-14,154252,6716,California
2021-07-15,152305,7362,California
2021-07-16,132610,7182,California
2021-07-17,73203,5071,California
2021-07-17,2109,0,California
2021-07-18,87500,4985,California
2021-07-19,198890,9778,California
2021-07-20,196321,10199,California
2021-07-21,184902,10708,California
2021-07-22,184694,10834,California
2021-07-23,157640,10445,California
2021-07-24,2195,0,California
2021-07-24,86365,7287,California
2021-07-25,100266,7314,California
2021-07-26,222099,14188,California
2021-07-27,220214,14378,California
2021-07-28,217294,15245,California
2021-07-29,222555,16396,California
2021-07-30,195768,14730,California
2021-07-31,107678,10061,California
2021-07-31,2227,0,California
2021-08-01,137796,9321,California
2021-08-02,275638,17199,California
2021-08-03,301787,19006,California
2021-08-04,292849,18744,California
2021-08-05,303295,19590,California
2021-08-06,243371,17801,California
2021-08-07,2317,2,California
2021-08-07,126141,11601,California
2021-08-08,199545,10562,California
2021-08-09,345422,20113,California
2021-08-10,369260,20752,California
2021-08-11,358377,20372,California
2021-08-12,340298,20279,California
2021-08-13,277017,18669,California
2021-08-14,139189,11991,California
2021-08-14,2503,1,California
2021-08-15,217011,10707,California
2021-08-16,405642,21084,California
2021-08-17,434364,21175,California
2021-08-18,429903,20219,California
2021-08-19,409298,19856,California
2021-08-20,282136,18193,California
2021-08-21,2511,0,California
2021-08-21,144987,10983,California
2021-08-22,240407,9703,California
2021-08-23,441637,19412,California
2021-08-24,470011,19124,California
2021-08-25,471540,19261,California
2021-08-26,439993,18514,California
2021-08-27,290234,15527,California
2021-08-28,142723,9671,California
2021-08-28,2798,1,California
2021-08-29,255594,8437,California
2021-08-30,478882,17412,California
2021-08-31,499551,16883,California
2021-09-01,484075,16425,California
2021-09-02,355027,14739,California
2021-09-03,274595,13150,California
2021-09-04,133278,7978,California
2021-09-04,2645,6,California
2021-09-05,112354,6029,California
2021-09-06,182759,6977,California
2021-09-07,568623,17852,California
2021-09-08,521161,15344,California
2021-09-09,454017,13987,California
2021-09-10,296487,12496,California
2021-09-11,2600,6,California
2021-09-11,140434,7441,California
2021-09-12,257571,6625,California
2021-09-13,475359,13860,California
2021-09-14,509637,12810,California
2021-09-15,361591,11879,California
2021-09-16,420222,11244,California
2021-09-17,274329,10028,California
2021-09-18,131283,5764,California
2021-09-18,2448,2,California
2021-09-19,240530,5440,California
2021-09-20,452787,11927,California
2021-09-21,475373,10531,California
2021-09-22,457014,9917,California
2021-09-23,412850,8994,California
2021-09-24,254458,8437,California
2021-09-25,113847,4945,California
2021-09-25,2110,3,California
2021-09-26,229391,4528,California
2021-09-27,443284,10311,California
2021-09-28,463223,9215,California
2021-09-29,443404,8394,California
2021-09-30,388216,7854,California
2021-10-01,235622,7208,California
2021-10-02,102547,4189,California
2021-10-02,2321,7,California
2021-10-03,225364,4041,California
2021-10-04,426086,8623,California
2021-10-05,435529,8111,California
2021-10-06,412901,7748,California
2021-10-07,374067,7134,California
2021-10-08,230808,6909,California
2021-10-09,97630,3856,California
2021-10-09,2563,11,California
2021-10-10,218833,3665,California
2021-10-11,397069,7310,California
2021-10-12,437496,7899,California
2021-10-13,418159,7285,California
2021-10-14,385123,7053,California
2021-10-15,228488,6777,California
2021-10-16,3099,10,California
2021-10-16,97756,3827,California
2021-10-17,218682,3791,California
2021-10-18,424900,8751,California
2021-10-19,445593,8110,California
2021-10-20,425154,7843,California
2021-10-21,376992,7896,California
2021-10-22,228774,7332,California
2021-10-23,97554,4354,California
2021-10-23,3018,7,California
2021-10-24,195516,4062,California
2021-10-25,411069,9275,California
2021-10-26,435543,8851,California
2021-10-27,420748,8540,California
2021-10-28,359343,7995,California
2021-10-29,222481,7561,California
2021-10-30,94497,4431,California
2021-10-30,8833,20,California
2021-10-31,210445,3986,California
2021-11-01,407280,9004,California
2021-11-02,446399,8599,California
2021-11-03,430764,8132,California
2021-11-04,386263,8113,California
2021-11-05,235889,7418,California
2021-11-06,100092,4312,California
2021-11-06,9158,30,California
2021-11-07,244995,4153,California
2021-11-08,443766,8665,California
2021-11-09,462155,7923,California
2021-11-10,319761,7168,California
2021-11-11,303631,5613,California
2021-11-12,229860,6810,California
2021-11-13,95199,4028,California
2021-11-13,9267,35,California
2021-11-14,230178,3839,California
2021-11-15,422924,8336,California
2021-11-16,442985,7271,California
2021-11-17,410256,6916,California
2021-11-18,357337,6271,California
2021-11-19,216320,6020,California
2021-11-20,9444,57,California
2021-11-20,97165,3861,California
2021-11-21,129868,3499,California
2021-11-22,286764,7124,California
2021-11-23,239300,6603,California
2021-11-24,168752,5691,California
2021-11-25,42672,1518,California
2021-11-26,122553,4912,California
2021-11-27,106643,4660,California
2021-11-27,9143,79,California
2021-11-28,263656,4720,California
2021-11-29,488368,10314,California
2021-11-30,463298,8974,California
2021-12-01,425772,8932,California
2021-12-02,388152,8240,California
2021-12-03,240693,7538,California
2021-12-04,112174,4603,California
2021-12-04,12426,182,California
2021-12-05,241465,4745,California
2021-12-06,444107,9324,California
2021-12-07,454945,8546,California
2021-12-08,418857,8174,California
2021-12-09,379646,7828,California
2021-12-10,234944,7480,California
2021-12-11,12467,183,California
2021-12-11,109319,4647,California
2021-12-12,243732,4751,California
2021-12-13,410610,9488,California
2021-12-14,429561,9764,California
2021-12-15,417722,12445,California
2021-12-16,377872,12706,California
2021-12-17,251512,12870,California
2021-12-18,137174,9642,California
2021-12-18,13044,227,California
2021-12-19,165983,11536,California
2021-12-20,354447,25546,California
2021-12-21,374344,32841,California
2021-12-22,371539,38045,California
2021-12-23,331034,38546,California
2021-12-24,138763,18043,California
2021-12-25,66473,10071,California
2021-12-25,14571,213,California
2021-12-26,237166,42470,California
2021-12-27,482843,89622,California
2021-12-28,515065,104913,California
2021-12-29,507928,107767,California
2021-12-30,482753,103000,California
2021-12-31,246496,53976,California
2022-01-01,14904,141,California
2022-01-01,133122,31254,California
2022-01-02,349840,78649,California
2022-01-03,800124,173522,California
2022-01-04,851483,190888,California
2022-01-05,819480,187510,California
2022-01-06,805653,175974,California
2022-01-07,709046,154663,California
2022-01-08,335852,83063,California
2022-01-08,23686,140,California
2022-01-09,346334,85048,California
2022-01-10,833872,177942,California
2022-01-11,833794,171741,California
2022-01-12,795291,161432,California
2022-01-13,764650,150800,California
2022-01-14,627130,124657,California
2022-01-15,260898,65877,California
2022-01-15,19785,77,California
2022-01-16,247728,56337,California
2022-01-17,527461,118931,California
2022-01-18,853947,154490,California
2022-01-19,728163,129773,California
2022-01-20,687238,118297,California
2022-01-21,552020,95399,California
2022-01-22,14505,57,California
2022-01-22,220010,49996,California
2022-01-23,256606,48153,California
2022-01-24,682933,97758,California
2022-01-25,621058,85143,California
2022-01-26,580836,73445,California
2022-01-27,542078,65554,California
2022-01-28,445883,54429,California
2022-01-29,10159,48,California
2022-01-29,159594,28835,California
2022-01-30,206956,27043,California
2022-01-31,596917,56764,California
2022-02-01,518358,46563,California
2022-02-02,493445,40097,California
2022-02-03,476630,35970,California
2022-02-04,372899,30988,California
2022-02-05,8555,33,California
2022-02-05,121592,16799,California
2022-02-06,169957,15914,California
2022-02-07,532878,33317,California
2022-02-08,465048,26559,California
2022-02-09,441919,23557,California
2022-02-10,420370,20421,California
2022-02-11,312225,17641,California
2022-02-12,7478,32,California
2022-02-12,100366,9930,California
2022-02-13,142778,9133,California
2022-02-14,452064,18261,California
2022-02-15,427688,14966,California
2022-02-16,404978,13601,California
2022-02-17,384421,11689,California
2022-02-18,270713,10044,California
2022-02-19,82648,5721,California
2022-02-19,7270,43,California
2022-02-20,94620,5304,California
2022-02-21,218336,8137,California
2022-02-22,466427,10732,California
2022-02-23,379835,8246,California
2022-02-24,365694,7387,California
2022-02-25,281125,6591,California
2022-02-26,80152,3664,California
2022-02-26,6873,57,California
2022-02-27,124037,3649,California
2022-02-28,400404,7486,California
2022-03-01,361251,6249,California
2022-03-02,337486,5566,California
2022-03-03,325603,5093,California
2022-03-04,254231,4441,California
2022-03-05,7180,97,California
2022-03-05,71073,2529,California
2022-03-06,110916,2736,California
2022-03-07,374116,5526,California
2022-03-08,343003,4501,California
2022-03-09,326714,4242,California
2022-03-10,303941,3789,California
2022-03-11,239783,3326,California
2022-03-12,7040,116,California
2022-03-12,68552,2020,California
2022-03-13,103514,1894,California
2022-03-14,356341,3992,California
2022-03-15,333632,3617,California
2022-03-16,312011,3475,California
2022-03-17,289051,3179,California
2022-03-18,235712,2607,California
2022-03-19,7655,172,California
2022-03-19,63295,1581,California
2022-03-20,97786,1769,California
2022-03-21,326546,3604,California
2022-03-22,291511,3820,California
2022-03-23,282032,3143,California
2022-03-24,274971,3065,California
2022-03-25,220085,2603,California
2022-03-26,7725,265,California
2022-03-26,62165,1744,California
2022-03-27,88640,1959,California
2022-03-28,253605,3809,California
2022-03-29,315978,3498,California
2022-03-30,289355,3429,California
2022-03-31,253941,3173,California
2022-04-01,230440,3032,California
2022-04-02,7494,252,California
2022-04-02,57505,1893,California
2022-04-03,83948,2291,California
2022-04-04,299360,4585,California
2022-04-05,262473,4005,California
2022-04-06,260280,4111,California
2022-04-07,252306,3793,California
2022-04-08,211079,3518,California
2022-04-09,57346,2184,California
2022-04-09,7961,284,California
2022-04-10,76323,2488,California
2022-04-11,229434,5015,California
2022-04-12,202972,4640,California
2022-04-13,189266,4878,California
2022-04-14,166689,4465,California
2022-04-15,133158,4348,California
2022-04-16,56560,2855,California
2022-04-16,7728,329,California
2022-04-17,68255,2503,California
2022-04-18,332134,7421,California
2022-04-19,294808,6684,California
2022-04-20,292917,6663,California
2022-04-21,281854,6518,California
2022-04-22,242743,6047,California
2022-04-23,8222,415,California
2022-04-23,60513,3908,California
2022-04-24,87091,4369,California
2022-04-25,371828,9289,California
2022-04-26,324950,8715,California
2022-04-27,320701,9011,California
2022-04-28,300489,8316,California
2022-04-29,249656,7498,California
2022-04-30,63329,5236,California
2022-04-30,9294,533,California
2022-05-01,86561,5657,California
2022-05-02,363708,12067,California
2022-05-03,333588,11594,California
2022-05-04,331074,11574,California
2022-05-05,314924,10952,California
2022-05-06,265739,10253,California
2022-05-07,68365,6575,California
2022-05-07,10198,691,California
2022-05-08,89218,6966,California
2022-05-09,381571,15211,California
2022-05-10,341000,14389,California
2022-05-11,344907,14529,California
2022-05-12,324578,13932,California
2022-05-13,279796,12938,California
2022-05-14,72391,8264,California
2022-05-14,11345,867,California
2022-05-15,97069,9320,California
2022-05-16,389229,20394,California
2022-05-17,349983,19003,California
2022-05-18,347863,19052,California
2022-05-19,329747,17970,California
2022-05-20,281784,16421,California
2022-05-21,75991,9948,California
2022-05-21,13301,1280,California
2022-05-22,103694,11232,California
2022-05-23,392746,23204,California
2022-05-24,354444,21714,California
2022-05-25,341890,21095,California
2022-05-26,317368,19463,California
2022-05-27,252190,16986,California
2022-05-28,14308,1492,California
2022-05-28,69551,9888,California
2022-05-29,65469,8782,California
2022-05-30,119141,10643,California
2022-05-31,444849,29310,California
2022-06-01,360556,23998,California
2022-06-02,331882,22316,California
2022-06-03,282469,20243,California
2022-06-04,13807,1504,California
2022-06-04,80164,11823,California
2022-06-05,94375,11402,California
2022-06-06,339839,26014,California
2022-06-07,306171,23027,California
2022-06-08,285499,22349,California
2022-06-09,243844,20052,California
2022-06-10,197279,19334,California
2022-06-11,13359,1190,California
2022-06-11,75164,11078,California
2022-06-12,87979,10428,California
2022-06-13,217906,22851,California
2022-06-14,204460,20914,California
2022-06-15,181625,20113,California
2022-06-16,171958,18932,California
2022-06-17,143828,18510,California
2022-06-18,71070,11407,California
2022-06-18,11624,700,California
2022-06-19,78972,10985,California
2022-06-20,185795,22386,California
2022-06-21,207584,23712,California
2022-06-22,178198,21765,California
2022-06-23,168410,21271,California
2022-06-24,139441,20051,California
2022-06-25,11025,565,California
2022-06-25,70770,12956,California
2022-06-26,84346,12706,California
2022-06-27,205347,28003,California
2022-06-28,189191,25460,California
2022-06-29,172685,24636,California
2022-06-30,162994,23093,California
2022-07-01,126636,21270,California
2022-07-02,64060,12719,California
2022-07-02,11231,392,California
2022-07-03,55735,10619,California
2022-07-04,85964,10883,California
2022-07-05,228990,33587,California
2022-07-06,186516,28234,California
2022-07-07,168064,26333,California
2022-07-08,143170,24327,California
2022-07-09,11100,269,California
2022-07-09,71260,14921,California
2022-07-10,83528,14532,California
2022-07-11,201579,30879,California
2022-07-12,185994,27585,California
2022-07-13,171005,26162,California
2022-07-14,159026,24391,California
2022-07-15,135188,23481,California
2022-07-16,69459,14553,California
2022-07-16,10706,178,California
2022-07-17,85284,14293,California
2022-07-18,198511,29838,California
2022-07-19,182362,25442,California
2022-07-20,165129,24191,California
2022-07-21,151205,22277,California
2022-07-22,128912,21423,California
2022-07-23,9819,138,California
2022-07-23,65088,12899,California
2022-07-24,77463,12631,California
2022-07-25,184924,27163,California
2022-07-26,170033,22771,California
2022-07-27,155537,21255,California
2022-07-28,139724,18771,California
2022-07-29,116654,18037,California
2022-07-30,59119,10899,California
2022-07-30,9283,104,California
2022-07-31,72346,10615,California
2022-08-01,171642,21738,California
2022-08-02,158831,18811,California
2022-08-03,141571,17252,California
2022-08-04,130428,15766,California
2022-08-05,110809,14892,California
2022-08-06,54786,9309,California
2022-08-06,8304,82,California
2022-08-07,69176,9115,California
2022-08-08,165934,18690,California
2022-08-09,152284,15621,California
2022-08-10,137352,14912,California
2022-08-11,130499,13419,California
2022-08-12,102345,12339,California
2022-08-13,7729,71,California
2022-08-13,51078,7852,California
2022-08-14,67368,7914,California
2022-08-15,160493,15375,California
2022-08-16,147430,13504,California
2022-08-17,132755,12514,California
2022-08-18,123309,11467,California
2022-08-19,102329,10674,California
2022-08-20,7875,61,California
2022-08-20,50121,6949,California
2022-08-21,66017,6953,California
2022-08-22,164041,14223,California
2022-08-23,148978,11878,California
2022-08-24,132529,10819,California
2022-08-25,119998,9752,California
2022-08-26,101095,9342,California
2022-08-27,50024,5889,California
2022-08-27,8748,89,California
2022-08-28,63169,5812,California
2022-08-29,159556,11668,California
2022-08-30,149570,9870,California
2022-08-31,128344,8943,California
2022-09-01,116701,7771,California
2022-09-02,89631,6944,California
2022-09-03,42544,4313,California
2022-09-03,9229,82,California
2022-09-04,43044,3903,California
2022-09-05,75581,4223,California
2022-09-06,174397,10193,California
2022-09-07,123736,7580,California
2022-09-08,115884,6488,California
2022-09-09,92429,5850,California
2022-09-10,8978,117,California
2022-09-10,44323,3810,California
2022-09-11,58121,3764,California
2022-09-12,142874,7306,California
2022-09-13,137007,6134,California
2022-09-14,120720,5629,California
2022-09-15,110164,5188,California
2022-09-16,88271,4758,California
2022-09-17,9831,120,California
2022-09-17,45518,3148,California
2022-09-18,58326,3148,California
2022-09-19,136443,6121,California
2022-09-20,130073,5432,California
2022-09-21,113622,4937,California
2022-09-22,102349,4591,California
2022-09-23,81822,4442,California
2022-09-24,39589,2859,California
2022-09-24,10184,146,California
2022-09-25,51999,2968,California
2022-09-26,128383,5821,California
2022-09-27,121085,4954,California
2022-09-28,102915,4895,California
2022-09-29,94145,4398,California
2022-09-30,73842,4013,California
2022-10-01,37420,2639,California
2022-10-01,11526,264,California
2022-10-02,44872,2585,California
2022-10-03,115639,5037,California
2022-10-04,105039,4294,California
2022-10-05,88680,4028,California
2022-10-06,84552,3631,California
2022-10-07,71588,3570,California
2022-10-08,36505,2396,California
2022-10-08,11813,348,California
2022-10-09,45125,2266,California
2022-10-10,101735,4011,California
2022-10-11,103383,3833,California
2022-10-12,87928,3731,California
2022-10-13,81712,3411,California
2022-10-14,69331,3226,California
2022-10-15,36077,2186,California
2022-10-15,13433,544,California
2022-10-16,43186,2004,California
2022-10-17,106449,4300,California
2022-10-18,99545,3659,California
2022-10-19,87470,3552,California
2022-10-20,78685,3362,California
2022-10-21,68010,3038,California
2022-10-22,35799,1964,California
2022-10-22,15229,776,California
2022-10-23,43643,1997,California
2022-10-24,107450,4206,California
2022-10-25,102846,3797,California
2022-10-26,87093,3735,California
2022-10-27,78723,3548,California
2022-10-28,71210,3491,California
2022-10-29,19441,1269,California
2022-10-29,38503,2361,California
2022-10-30,46764,2351,California
2022-10-31,102400,4820,California
2022-11-01,104036,4612,California
2022-11-02,90452,4532,California
2022-11-03,81314,4428,California
2022-11-04,75837,4230,California
2022-11-05,41325,2838,California
2022-11-05,21791,2510,California
2022-11-06,50194,3182,California
2022-11-07,112715,6307,California
2022-11-08,100340,5257,California
2022-11-09,92841,5458,California
2022-11-10,85387,5257,California
2022-11-11,63441,4495,California
2022-11-12,27730,4296,California
2022-11-12,43183,3510,California
2022-11-13,52243,3733,California
2022-11-14,119095,7620,California
2022-11-15,110814,7096,California
2022-11-16,97393,6708,California
2022-11-17,90526,6825,California
2022-11-18,80117,6713,California
2022-11-19,44892,4343,California
2022-11-19,32407,6006,California
2022-11-20,51113,4559,California
2022-11-21,106290,9642,California
2022-11-22,97378,8883,California
2022-11-23,79144,7957,California
2022-11-24,28989,2643,California
2022-11-25,60440,8077,California
2022-11-26,29484,6840,California
2022-11-26,50456,6622,California
2022-11-27,67464,7679,California
2022-11-28,146780,16595,California
2022-11-29,126575,13644,California
2022-11-30,110444,12999,California
2022-12-01,99939,11284,California
2022-12-02,85411,10382,California
2022-12-03,36987,8492,California
2022-12-03,47867,6804,California
2022-12-04,60317,7069,California
2022-12-05,133329,13818,California
2022-12-06,119469,11979,California
2022-12-07,103884,11028,California
2022-12-08,96677,10078,California
2022-12-09,83022,9512,California
2022-12-10,47554,6023,California
2022-12-10,32709,7276,California
2022-12-11,56172,5751,California
2022-12-12,128606,12444,California
2022-12-13,114228,10631,California
2022-12-14,97640,10028,California
2022-12-15,93276,8992,California
2022-12-16,77344,8077,California
2022-12-17,29503,5710,California
2022-12-17,42092,5431,California
2022-12-18,48576,5184,California
2022-12-19,111078,11293,California
2022-12-20,95525,9973,California
2022-12-21,81971,9418,California
2022-12-22,77877,8991,California
2022-12-23,59973,7922,California
2022-12-24,27637,4843,California
2022-12-24,28906,4066,California
2022-12-25,25667,2523,California
2022-12-26,65911,8553,California
2022-12-27,98249,11354,California
2022-12-28,80791,10275,California
2022-12-29,74278,9060,California
2022-12-30,62405,8090,California
2022-12-31,31662,4212,California
2022-12-31,23318,3001,California
2023-01-01,28146,2558,California
2023-01-02,73101,7200,California
2023-01-03,107708,8968,California
2023-01-04,86628,7017,California
2023-01-05,76533,5917,California
2023-01-06,73424,6003,California
2023-01-07,43196,3873,California
2023-01-07,18747,1351,California
2023-01-08,46155,3371,California
2023-01-09,101028,5893,California
2023-01-10,89034,4758,California
2023-01-11,83573,4674,California
2023-01-12,73098,4134,California
2023-01-13,61325,3545,California
2023-01-14,31752,2283,California
2023-01-14,16792,596,California
2023-01-15,33866,2099,California
2023-01-16,70292,3399,California
2023-01-17,98305,4074,California
2023-01-18,81238,3625,California
2023-01-19,73525,3310,California
2023-01-20,61046,2999,California
2023-01-21,32230,2030,California
2023-01-21,14537,281,California
2023-01-22,38428,2032,California
2023-01-23,91189,3864,California
2023-01-24,86555,3616,California
2023-01-25,75293,3460,California
2023-01-26,68733,3187,California
2023-01-27,56219,3203,California
2023-01-28,32326,2177,California
2023-01-28,15478,214,California
2023-01-29,37226,2145,California
2023-01-30,88222,4373,California
2023-01-31,81938,3944,California
2023-02-01,72401,3757,California
2023-02-02,68161,3566,California
2023-02-03,57500,3335,California
2023-02-04,15725,180,California
2023-02-04,32981,2364,California
2023-02-05,37203,2400,California
2023-02-06,84824,4958,California
2023-02-07,75853,4211,California
2023-02-08,68140,4005,California
2023-02-09,66247,3768,California
2023-02-10,58096,3619,California
2023-02-11,30963,2349,California
2023-02-11,15998,157,California
2023-02-12,34243,2334,California
2023-02-13,81485,4585,California
2023-02-14,72924,3790,California
2023-02-15,68502,3960,California
2023-02-16,64460,3659,California
2023-02-17,52752,3327,California
2023-02-18,30270,2242,California
2023-02-18,15319,111,California
2023-02-19,31116,2334,California
2023-02-20,61067,3535,California
2023-02-21,81877,4769,California
2023-02-22,67999,3923,California
2023-02-23,64913,3680,California
2023-02-24,53299,3044,California
2023-02-25,29291,2079,California
2023-02-25,14901,105,California
2023-02-26,33758,2134,California
2023-02-27,74618,3952,California
2023-02-28,68490,3687,California
2023-03-01,61631,3273,California
2023-03-02,57546,3052,California
2023-03-03,50366,2871,California
2023-03-04,14699,109,California
2023-03-04,28284,1934,California
2023-03-05,30804,1828,California
2023-03-06,72885,3612,California
2023-03-07,68435,3242,California
2023-03-08,61776,3052,California
2023-03-09,57229,2971,California
2023-03-10,48116,2492,California
2023-03-11,30320,1853,California
2023-03-11,13116,119,California
2023-03-12,30488,1610,California
2023-03-13,71631,3363,California
2023-03-14,63336,2653,California
2023-03-15,58151,2520,California
2023-03-16,54026,2305,California
2023-03-17,45068,2189,California
2023-03-18,26535,1393,California
2023-03-18,13625,84,California
2023-03-19,27634,1336,California
2023-03-20,65454,2474,California
2023-03-21,57344,2082,California
2023-03-22,53661,2026,California
2023-03-23,53189,1943,California
2023-03-24,44061,1820,California
2023-03-25,12824,83,California
2023-03-25,25053,1148,California
2023-03-26,26543,1210,California
2023-03-27,59384,2107,California
2023-03-28,55296,1851,California
2023-03-29,51893,1994,California
2023-03-30,47727,1796,California
2023-03-31,38722,1702,California
2023-04-01,12324,83,California
2023-04-01,23346,1119,California
2023-04-02,25506,1102,California
2023-04-03,56155,2106,California
2023-04-04,52210,1820,California
2023-04-05,46299,1765,California
2023-04-06,43468,1630,California
2023-04-07,34718,1507,California
2023-04-08,11863,79,California
2023-04-08,24073,1150,California
2023-04-09,21504,1024,California
2023-04-10,56552,2272,California
2023-04-11,51973,1842,California
2023-04-12,49026,1766,California
2023-04-13,43776,1676,California
2023-04-14,36961,1507,California
2023-04-15,21991,1082,California
2023-04-15,5109,42,California
2023-04-16,23031,963,California
2023-04-17,53811,1890,California
2023-04-18,48700,1647,California
2023-04-19,44633,1507,California
2023-04-20,43198,1466,California
2023-04-21,34158,1329,California
2023-04-22,19419,951,California
2023-04-22,4816,40,California
2023-04-23,22577,913,California
2023-04-24,51287,1818,California
2023-04-25,49157,1608,California
2023-04-26,44075,1556,California
2023-04-27,38383,1395,California
2023-04-28,31899,1296,California
2023-04-29,18223,817,California
2023-04-29,4756,42,California
2023-04-30,22074,885,California
2023-05-01,48156,1470,California
2023-05-02,43447,1413,California
2023-05-03,39938,1354,California
2023-05-04,38367,1190,California
2023-05-05,28998,1090,California
2023-05-06,14899,761,California
2023-05-06,4501,39,California
2023-05-07,21436,864,California
2023-05-08,44083,1570,California
2023-05-09,45647,1426,California
2023-05-10,40809,1320,California
2023-05-11,33520,1319,California
2023-05-12,27002,1084,California
2023-05-13,4536,42,California
2023-05-13,15265,728,California
2023-05-14,17444,678,California
2023-05-15,36588,1410,California
2023-05-16,34032,1160,California
2023-05-17,30818,1225,California
2023-05-18,28412,1107,California
2023-05-19,21728,974,California
2023-05-20,4407,52,California
2023-05-20,13590,652,California
2023-05-21,16798,688,California
2023-05-22,30763,1156,California
2023-05-23,29664,1058,California
2023-05-24,29417,1054,California
2023-05-25,24698,934,California
2023-05-26,22030,917,California
2023-05-27,4328,57,California
2023-05-27,12577,588,California
2023-05-28,15163,605,California
2023-05-29,23219,670,California
2023-05-30,31308,1282,California
2023-05-31,27554,1040,California
2023-06-01,25962,958,California
2023-06-02,21879,858,California
2023-06-03,12602,592,California
2023-06-03,4057,65,California
2023-06-04,15827,637,California
2023-06-05,29029,1116,California
2023-06-06,25169,1085,California
2023-06-07,24069,940,California
2023-06-08,23086,854,California
2023-06-09,17949,807,California
2023-06-10,9713,434,California
2023-06-10,4004,46,California
2023-06-11,13063,448,California
2023-06-12,24889,1002,California
2023-06-13,23361,994,California
2023-06-14,22302,846,California
2023-06-15,22106,808,California
2023-06-16,18764,787,California
2023-06-17,3792,45,California
2023-06-17,11726,576,California
2023-06-18,14416,514,California
2023-06-19,24735,903,California
2023-06-20,23723,892,California
2023-06-21,21778,854,California
2023-06-22,22146,853,California
2023-06-23,17906,838,California
2023-06-24,3577,47,California
2023-06-24,12027,573,California
2023-06-25,15766,510,California
2023-06-26,24533,1088,California
2023-06-27,22350,892,California
2023-06-28,22304,978,California
2023-06-29,21670,926,California
2023-06-30,16502,827,California
2023-07-01,11024,637,California
2023-07-01,3330,72,California
2023-07-02,16225,583,California
2023-07-03,21467,967,California
2023-07-04,12162,556,California
2023-07-05,21352,1094,California
2023-07-06,22930,1065,California
2023-07-07,16810,999,California
2023-07-08,12048,716,California
2023-07-08,2890,64,California
2023-07-09,15639,714,California
2023-07-10,24200,1250,California
2023-07-11,20930,1173,California
2023-07-12,19829,1064,California
2023-07-13,19362,1079,California
2023-07-14,15074,1014,California
2023-07-15,2941,50,California
2023-07-15,7063,580,California
2023-07-16,15976,756,California
2023-07-17,23316,1300,California
2023-07-18,19437,1303,California
2023-07-19,20525,1244,California
2023-07-20,20827,1207,California
2023-07-21,15308,1158,California
2023-07-22,2768,56,California
2023-07-22,9161,779,California
2023-07-23,15979,855,California
2023-07-24,23127,1680,California
2023-07-25,20113,1511,California
2023-07-26,19016,1433,California
2023-07-27,19167,1587,California
2023-07-28,16388,1337,California
2023-07-29,2971,68,California
2023-07-29,10382,1020,California
2023-07-30,13938,1027,California
2023-07-31,20876,1948,California
2023-08-01,22432,1858,California
2023-08-02,19457,1813,California
2023-08-03,20142,1897,California
2023-08-04,17823,1763,California
2023-08-05,3210,56,California
2023-08-05,9856,1339,California
2023-08-06,14451,1370,California
2023-08-07,21733,2380,California
2023-08-08,21947,2373,California
2023-08-09,22100,2278,California
2023-08-10,22557,2260,California
2023-08-11,18942,2146,California
2023-08-12,11427,1600,California
2023-08-12,3540,56,California
2023-08-13,16599,1653,California
2023-08-14,26918,3019,California
2023-08-15,24184,2847,California
2023-08-16,23337,2894,California
2023-08-17,23518,2771,California
2023-08-18,19646,2645,California
2023-08-19,3380,51,California
2023-08-19,11867,1946,California
2023-08-20,16729,1591,California
2023-08-21,29244,3465,California
2023-08-22,25883,3297,California
2023-08-23,25200,3252,California
2023-08-24,24125,3271,California
2023-08-25,20409,2869,California
2023-08-26,12147,1985,California
2023-08-26,4213,51,California
2023-08-27,17786,1927,California
2023-08-28,31319,3933,California
2023-08-29,28250,3588,California
2023-08-30,26117,3373,California
2023-08-31,28110,3298,California
2023-09-01,21183,2929,California
2023-09-02,4871,53,California
2023-09-02,11915,2069,California
2023-09-03,12728,1709,California
2023-09-04,21479,2201,California
2023-09-05,33126,3788,California
2023-09-06,28586,3417,California
2023-09-07,28182,2988,California
2023-09-08,22789,2679,California
2023-09-09,4727,46,California
2023-09-09,12505,1862,California
2023-09-10,15773,1902,California
2023-09-11,31181,3234,California
2023-09-12,29726,2925,California
2023-09-13,26504,2723,California
2023-09-14,25346,2408,California
2023-09-15,20395,2319,California
2023-09-16,4783,49,California
2023-09-16,11414,1532,California
2023-09-17,14673,1394,California
2023-09-18,31295,2653,California
2023-09-19,29065,2402,California
2023-09-20,25947,2259,California
2023-09-21,24568,2038,California
2023-09-22,19234,1725,California
2023-09-23,11155,1290,California
2023-09-23,4778,43,California
2023-09-24,14977,1169,California
2023-09-25,30893,2161,California
2023-09-26,29523,1997,California
2023-09-27,24969,1814,California
2023-09-28,25117,1694,California
2023-09-29,18281,1477,California
2023-09-30,4877,44,California
2023-09-30,10665,1012,California
2023-10-01,13119,955,California
2023-10-02,28534,1742,California
2023-10-03,27709,1668,California
2023-10-04,22078,1337,California
2023-10-05,23074,1364,California
2023-10-06,17252,1203,California
2023-10-07,11436,966,California
2023-10-07,4631,60,California
2023-10-08,13979,829,California
2023-10-09,28503,1576,California
2023-10-10,24773,1546,California
2023-10-11,23308,1399,California
2023-10-12,24312,1397,California
2023-10-13,18348,1233,California
2023-10-14,10411,871,California
2023-10-14,4989,71,California
2023-10-15,13279,924,California
2023-10-16,27147,1704,California
2023-10-17,26874,1550,California
2023-10-18,23232,1471,California
2023-10-19,23233,1476,California
2023-10-20,17974,1367,California
2023-10-21,10320,834,California
2023-10-21,5241,92,California
2023-10-22,12089,875,California
2023-10-23,25998,1586,California
2023-10-24,24524,1404,California
2023-10-25,22495,1338,California
2023-10-26,22119,1186,California
2023-10-27,17649,1183,California
2023-10-28,9953,776,California
2023-10-28,4840,109,California
2023-10-29,12551,712,California
2023-10-30,26159,1636,California
2023-10-31,23295,1265,California
2023-11-01,21165,1296,California
2023-11-02,24787,1290,California
2023-11-03,19248,1300,California
2023-11-04,16372,586,California
2023-11-04,11475,921,California
2023-11-05,14326,1039,California
2023-11-06,29991,1853,California
2023-11-07,28469,1660,California
2023-11-08,23659,1508,California
2023-11-09,23777,1483,California
2023-11-10,18130,1416,California
2023-11-11,17195,855,California
2023-11-11,11671,1019,California
2023-11-12,14077,1102,California
2023-11-13,29800,1950,California
2023-11-14,27304,1713,California
2023-11-15,23667,1614,California
2023-11-16,26238,1747,California
2023-11-17,20768,1592,California
2023-11-18,19621,1269,California
2023-11-18,12599,1145,California
2023-11-19,14007,1067,California
2023-11-20,28021,1799,California
2023-11-21,26748,1708,California
2023-11-22,22125,1581,California
2023-11-23,11366,862,California
2023-11-24,18121,1526,California
2023-11-25,12942,1203,California
2023-11-25,18206,1346,California
2023-11-26,15775,1341,California
2023-11-27,31006,2333,California
2023-11-28,28156,2071,California
2023-11-29,27143,2147,California
2023-11-30,26700,2286,California
2023-12-01,22617,2042,California
2023-12-02,23712,2088,California
2023-12-02,14012,1348,California
2023-12-03,16217,1415,California
2023-12-04,33306,2669,California
2023-12-05,32237,2503,California
2023-12-06,27214,2512,California
2023-12-07,28270,2424,California
2023-12-08,22632,2196,California
2023-12-09,25256,3164,California
2023-12-09,13963,1417,California
2023-12-10,17232,1496,California
2023-12-11,34565,3090,California
2023-12-12,33184,2444,California
2023-12-13,29663,2639,California
2023-12-14,28736,2520,California
2023-12-15,25303,2753,California
2023-12-16,15798,1692,California
2023-12-16,28788,4471,California
2023-12-17,19409,1880,California
2023-12-18,35671,3583,California
2023-12-19,34875,3420,California
2023-12-20,31016,3298,California
2023-12-21,31404,3233,California
2023-12-22,24624,2946,California
2023-12-23,16715,2018,California
2023-12-23,33643,6321,California
2023-12-24,14359,1809,California
2023-12-25,17275,1949,California
2023-12-26,32305,3317,California
2023-12-27,33184,3423,California
2023-12-28,34779,3509,California
2023-12-29,28784,3363,California
2023-12-30,17110,2093,California
2023-12-30,29990,5045,California
2023-12-31,15070,1942,California
2024-01-01,18071,2425,California
2024-01-02,28939,3445,California
2024-01-03,27226,3136,California
2024-01-04,28501,2890,California
2024-01-05,27353,2817,California
2024-01-06,28581,3724,California
2024-01-06,16037,1765,California
2024-01-07,18747,1784,California
2024-01-08,31508,3053,California
2024-01-09,30105,2756,California
2024-01-10,26811,2542,California
2024-01-11,28717,2653,California
2024-01-12,23399,2241,California
2024-01-13,14183,1598,California
2024-01-13,26450,2889,California
2024-01-14,15530,1626,California
2024-01-15,22994,2171,California
2024-01-16,30891,2847,California
2024-01-17,28805,2568,California
2024-01-18,28439,2514,California
2024-01-19,23125,2181,California
2024-01-20,24182,2961,California
2024-01-20,13493,1462,California
2024-01-21,16104,1385,California
2024-01-22,32802,2222,California
2024-01-23,29236,2319,California
2024-01-24,25834,1991,California
2024-01-25,26587,1891,California
2024-01-26,22411,1700,California
2024-01-27,23426,2288,California
2024-01-27,14032,1145,California
2024-01-28,16088,1123,California
2024-01-29,32603,1964,California
2024-01-30,27042,1809,California
2024-01-31,25931,1738,California
2024-02-01,26413,1520,California
2024-02-02,20451,1495,California
2024-02-03,21995,1785,California
2024-02-03,12952,981,California
2024-02-04,14680,942,California
2024-02-05,28850,1538,California
2024-02-06,28891,1436,California
2024-02-07,24400,1438,California
2024-02-08,25683,1347,California
2024-02-09,19235,1199,California
2024-02-10,12354,810,California
2024-02-10,18980,1273,California
2024-02-11,14041,805,California
2024-02-12,28405,1376,California
2024-02-13,27691,1267,California
2024-02-14,23286,1245,California
2024-02-15,26002,1374,California
2024-02-16,20995,1177,California
2024-02-17,20783,1403,California
2024-02-17,13403,721,California
2024-02-18,13919,714,California
2024-02-19,20827,879,California
2024-02-20,29287,1227,California
2024-02-21,27840,1169,California
2024-02-22,25657,1010,California
2024-02-23,21410,925,California
2024-02-24,19516,1111,California
2024-02-24,12503,622,California
2024-02-25,14371,622,California
2024-02-26,29506,995,California
2024-02-27,28970,897,California
2024-02-28,22980,842,California
2024-02-29,22895,750,California
2024-03-01,19399,690,California
2024-03-02,11836,526,California
2024-03-02,17914,1019,California
2024-03-03,14425,514,California
2024-03-04,30134,802,California
2024-03-05,27572,688,California
2024-03-06,23854,672,California
2024-03-07,23213,662,California
2024-03-08,19640,567,California
2024-03-09,12887,437,California
2024-03-09,18224,951,California
2024-03-10,14204,346,California
2024-03-11,29471,635,California
2024-03-12,28941,620,California
2024-03-13,23674,573,California
2024-03-14,22853,537,California
2024-03-15,20856,508,California
2024-03-16,17835,893,California
2024-03-16,12216,353,California
2024-03-17,14853,365,California
2024-03-18,28906,580,California
2024-03-19,27825,572,California
2024-03-20,22558,532,California
2024-03-21,23449,508,California
2024-03-22,19034,475,California
2024-03-23,16728,868,California
2024-03-23,12133,337,California
2024-03-24,14639,331,California
2024-03-25,27186,490,California
2024-03-26,24537,438,California
2024-03-27,21763,422,California
2024-03-28,21225,424,California
2024-03-29,17666,370,California
2024-03-30,15586,696,California
2024-03-30,11390,284,California
2024-03-31,13036,298,California
2024-04-01,25527,436,California
2024-04-02,26178,419,California
2024-04-03,22020,389,California
2024-04-04,21281,402,California
2024-04-05,17044,369,California
2024-04-06,15038,622,California
2024-04-06,10945,266,California
2024-04-07,12764,246,California
2024-04-08,26719,412,California
2024-04-09,24964,384,California
2024-04-10,20280,388,California
2024-04-11,21352,424,California
2024-04-12,17254,397,California
2024-04-13,10308,274,California
2024-04-13,15033,657,California
2024-04-14,11750,284,California
2024-04-15,24511,408,California
2024-04-16,24159,429,California
2024-04-17,20238,446,California
2024-04-18,20939,379,California
2024-04-19,15538,368,California
2024-04-20,14570,675,California
2024-04-20,9570,248,California
2024-04-21,11742,234,California
2024-04-22,24302,417,California
2024-04-23,21834,425,California
2024-04-24,19558,376,California
2024-04-25,21381,372,California
2024-04-26,15922,333,California
2024-04-27,13909,561,California
2024-04-27,10184,228,California
2024-04-28,12505,288,California
2024-04-29,23632,483,California
2024-04-30,22080,457,California
2024-05-01,18560,442,California
2024-05-02,19774,365,California
2024-05-03,15722,400,California
2024-05-04,9650,274,California
2024-05-04,9065,311,California
2024-05-05,11609,263,California
2024-05-06,22729,539,California
2024-05-07,21346,466,California
2024-05-08,18561,441,California
2024-05-09,18795,432,California
2024-05-10,14487,433,California
2024-05-11,9626,365,California
2024-05-11,4414,143,California
2024-05-12,11255,341,California
2024-05-13,18588,575,California
2024-05-14,18865,505,California
2024-05-15,17377,591,California
2024-05-16,20222,567,California
2024-05-17,15574,508,California
2024-05-18,9072,366,California
2024-05-18,4218,123,California
2024-05-19,11753,406,California
2024-05-20,18944,643,California
2024-05-21,18060,602,California
2024-05-22,18322,693,California
2024-05-23,19864,610,California
2024-05-24,18685,628,California
2024-05-25,4153,150,California
2024-05-25,8614,418,California
2024-05-26,9089,450,California
2024-05-27,14872,551,California
2024-05-28,23806,830,California
2024-05-29,21453,801,California
2024-05-30,19805,835,California
2024-05-31,15586,783,California
2024-06-01,3990,121,California
2024-06-01,9527,479,California
2024-06-02,11295,567,California
2024-06-03,18429,942,California
2024-06-04,20289,922,California
2024-06-05,20936,864,California
2024-06-06,20507,886,California
2024-06-07,16715,842,California
2024-06-08,9591,598,California
2024-06-08,4019,161,California
2024-06-09,11244,665,California
2024-06-10,22647,1107,California
2024-06-11,21598,1074,California
2024-06-12,20021,1168,California
2024-06-13,20105,1151,California
2024-06-14,15532,1103,California
2024-06-15,3967,120,California
2024-06-15,10046,825,California
2024-06-16,12268,861,California
2024-06-17,22997,1550,California
2024-06-18,22018,1361,California
2024-06-19,20962,1338,California
2024-06-20,21511,1452,California
2024-06-21,16656,1356,California
2024-06-22,3864,113,California
2024-06-22,9630,1015,California
2024-06-23,12525,988,California
2024-06-24,22355,1574,California
2024-06-25,20678,1652,California
2024-06-26,19451,1503,California
2024-06-27,19909,1522,California
2024-06-28,14988,1464,California
2024-06-29,10134,1100,California
2024-06-29,3838,95,California
2024-06-30,12970,1131,California
2024-07-01,18776,1822,California
2024-07-02,18456,1871,California
2024-07-03,15058,1797,California
2024-07-04,11497,1120,California
2024-07-05,18677,1727,California
2024-07-06,11749,1421,California
2024-07-06,3288,112,California
2024-07-07,13349,1483,California
2024-07-08,24694,2235,California
2024-07-09,22281,2326,California
2024-07-10,21928,2308,California
2024-07-11,21246,2068,California
2024-07-12,16583,2094,California
2024-07-13,10501,1436,California
2024-07-13,3525,83,California
2024-07-14,12177,1439,California
2024-07-15,23277,2486,California
2024-07-16,23408,2417,California
2024-07-17,19871,2345,California
2024-07-18,20841,2280,California
2024-07-19,16957,2178,California
2024-07-20,10749,1639,California
2024-07-20,3590,68,California
2024-07-21,13466,1647,California
2024-07-22,25873,2701,California
2024-07-23,24142,2540,California
2024-07-24,21933,2545,California
2024-07-25,21168,2398,California
2024-07-26,17572,2309,California
2024-07-27,3487,43,California
2024-07-27,11214,1695,California
2024-07-28,13667,1773,California
2024-07-29,25981,2859,California
2024-07-30,25502,2747,California
2024-07-31,20445,2725,California
2024-08-01,20847,2479,California
2024-08-02,17525,2516,California
2024-08-03,11887,1887,California
2024-08-03,3579,53,California
2024-08-04,14206,1794,California
2024-08-05,24392,2836,California
2024-08-06,22338,2659,California
2024-08-07,21180,2706,California
2024-08-08,19624,2389,California
2024-08-09,16858,2361,California
2024-08-10,3718,59,California
2024-08-10,10425,1711,California
2024-08-11,13669,1775,California
2024-08-12,23427,2641,California
2024-08-13,21014,2534,California
2024-08-14,22445,2585,California
2024-08-15,20389,2440,California
2024-08-16,18218,2366,California
2024-08-17,3590,46,California
2024-08-17,10622,1690,California
2024-08-18,12784,1630,California
2024-08-19,24143,2697,California
2024-08-20,24027,2567,California
2024-08-21,22918,2519,California
2024-08-22,19755,2344,California
2024-08-23,17090,2135,California
2024-08-24,3891,40,California
2024-08-24,10309,1512,California
2024-08-25,13459,1582,California
2024-08-26,24551,2364,California
2024-08-27,22142,2315,California
2024-08-28,20421,2299,California
2024-08-29,20962,2140,California
2024-08-30,17039,1881,California
2024-08-31,4051,59,California
2024-08-31,9550,1401,California
2024-09-01,9806,1229,California
2024-09-02,16638,1539,California
2024-09-03,22598,2087,California
2024-09-04,21446,1967,California
2024-09-05,20709,2160,California
2024-09-06,17529,1716,California
2024-09-07,4023,46,California
2024-09-07,10351,1457,California
2024-09-08,11985,1274,California
2024-09-09,21626,1707,California
2024-09-10,19918,1471,California
2024-09-11,17448,1410,California
2024-09-12,20603,1391,California
2024-09-13,15860,1222,California
2024-09-14,4215,42,California
2024-09-14,9467,899,California
2024-09-15,11599,824,California
2024-09-16,19915,1165,California
2024-09-17,18364,1128,California
2024-09-18,19636,1025,California
2024-09-19,18007,1053,California
2024-09-20,15536,897,California
2024-09-21,3940,48,California
2024-09-21,9431,683,California
2024-09-22,12095,587,California
2024-09-23,21123,1062,California
2024-09-24,18190,925,California
2024-09-25,17307,872,California
2024-09-26,17636,804,California
2024-09-27,14145,720,California
2024-09-28,8943,534,California
2024-09-28,3935,60,California
2024-09-29,12092,514,California
2024-09-30,19927,785,California
2024-10-01,18398,696,California
2024-10-02,16817,772,California
2024-10-03,15271,678,California
2024-10-04,13438,549,California
2024-10-05,8796,449,California
2024-10-05,7821,128,California
2024-10-06,11912,440,California
2024-10-07,19225,638,California
2024-10-08,17344,568,California
2024-10-09,15228,549,California
2024-10-10,16196,538,California
2024-10-11,13310,481,California
2024-10-12,8523,319,California
2024-10-12,11414,172,California
2024-10-13,10276,289,California
2024-10-14,18172,495,California
2024-10-15,18577,512,California
2024-10-16,15326,435,California
2024-10-17,15147,429,California
2024-10-18,13396,379,California
2024-10-19,8160,274,California
2024-10-19,11641,187,California
2024-10-20,10176,289,California
2024-10-21,19849,488,California
2024-10-22,16214,415,California
2024-10-23,13684,433,California
2024-10-24,12202,374,California
2024-10-25,10311,324,California
2024-10-26,12539,209,California
2024-10-26,7267,248,California
2024-10-27,7739,264,California
2024-10-28,12131,412,California
2024-10-29,9130,355,California
2024-10-30,9040,288,California
2024-10-31,7336,259,California
2024-11-01,8054,271,California
2024-11-02,5737,202,California
2024-11-03,6176,193,California
2024-11-04,8951,333,California
2024-11-05,5315,160,California
