iteration,chain,data_wastewater[1],data_wastewater[2],data_wastewater[3],data_wastewater[4],data_wastewater[5],data_wastewater[6],data_wastewater[7],data_wastewater[8],data_wastewater[9],data_wastewater[10],data_wastewater[11],data_wastewater[12],data_wastewater[13],data_wastewater[14],data_wastewater[15],data_wastewater[16],data_wastewater[17],data_wastewater[18],data_wastewater[19],data_wastewater[20],data_wastewater[21],data_wastewater[22],data_wastewater[23],data_wastewater[24],data_wastewater[25],data_wastewater[26],data_wastewater[27],data_wastewater[28],data_wastewater[29],data_wastewater[30],data_wastewater[31],data_wastewater[32],data_wastewater[33],data_wastewater[34],data_wastewater[35],data_wastewater[36],data_wastewater[37],data_wastewater[38],data_wastewater[39],data_hosp[1],data_hosp[2],data_hosp[3],data_hosp[4],data_hosp[5],data_hosp[6],data_hosp[7],data_hosp[8],data_hosp[9],data_hosp[10],data_hosp[11],data_hosp[12],data_hosp[13],data_hosp[14],data_hosp[15],data_hosp[16],data_hosp[17],data_hosp[18],data_hosp[19],data_hosp[20],data_hosp[21],data_hosp[22],data_hosp[23],data_hosp[24],data_hosp[25],data_hosp[26],data_hosp[27],data_hosp[28],data_hosp[29],data_hosp[30],data_hosp[31],data_hosp[32],data_hosp[33],data_hosp[34],data_hosp[35],data_hosp[36],data_hosp[37],data_hosp[38],data_hosp[39],data_hosp[40],data_hosp[41],data_hosp[42],data_hosp[43],data_hosp[44],data_hosp[45],data_hosp[46],data_hosp[47],data_hosp[48],data_hosp[49],data_hosp[50],data_hosp[51],data_hosp[52],data_hosp[53],data_hosp[54],data_hosp[55],data_hosp[56],data_hosp[57],data_hosp[58],data_hosp[59],data_hosp[60],data_hosp[61],data_hosp[62],data_hosp[63],data_hosp[64],data_hosp[65],data_hosp[66],data_hosp[67],data_hosp[68],data_hosp[69],data_hosp[70],data_hosp[71]
1,1,11.812406366500896,11.524965825820285,11.328559938848286,11.29645268424642,12.395406815538369,11.3219432628181,12.526379190416502,12.037275633397783,11.212255294868326,12.385975458570332,12.918284758839809,11.802656056129164,11.940843769208923,11.909554809238365,12.519236019923113,11.920446446065181,12.058036723550336,12.86931539470601,12.108143683428658,12.399548058262218,12.527477890156522,12.082152667931508,12.092786511445512,11.475735046947632,12.06609890527881,12.661006466712028,11.734630651605169,11.28071752783465,11.547528811952423,11.662889157457755,10.880538751599506,10.876057529631208,11.538597306087503,12.568444337597663,12.085219137610059,12.52509641337368,11.371549528761227,11.80486215093559,11.410223072967087,477.0,416.0,432.0,443.0,387.0,414.0,389.0,497.0,387.0,368.0,451.0,472.0,467.0,376.0,481.0,472.0,479.0,460.0,504.0,436.0,421.0,475.0,527.0,491.0,526.0,524.0,475.0,434.0,519.0,549.0,507.0,563.0,467.0,511.0,485.0,501.0,515.0,479.0,495.0,510.0,453.0,475.0,406.0,490.0,452.0,452.0,373.0,446.0,454.0,437.0,514.0,409.0,393.0,461.0,355.0,429.0,389.0,387.0,362.0,353.0,347.0,324.0,353.0,338.0,373.0,355.0,351.0,331.0,332.0,345.0,272.0
2,1,12.732741910819188,11.94023246572561,11.953134979118774,12.333689536659167,11.250618243009606,12.119665214104288,12.442527339995559,12.192005519225546,12.437228468635869,12.963789352145797,12.263659731294307,12.296414692914498,12.230411925337505,11.68986493532665,10.868567588301742,12.030341296431047,12.52943658409109,12.649003617092406,10.858502020783483,11.949766105821286,12.360959800653728,12.006393600586447,11.875593760838438,12.104822652989922,11.774690027654657,11.647987254137227,11.911071530007924,11.84184617277307,11.847790754307978,11.39209390322876,12.15527500327128,11.406038060155934,11.824504662912073,11.410205027922496,11.123935823485224,10.908967650651949,12.188803228691024,10.914307500266494,11.329957272715392,433.0,330.0,392.0,459.0,459.0,410.0,380.0,441.0,480.0,500.0,493.0,480.0,562.0,519.0,461.0,503.0,461.0,586.0,523.0,496.0,532.0,470.0,508.0,503.0,504.0,536.0,511.0,542.0,564.0,484.0,550.0,448.0,527.0,434.0,543.0,526.0,479.0,475.0,504.0,463.0,464.0,420.0,545.0,452.0,451.0,505.0,489.0,494.0,433.0,422.0,401.0,435.0,464.0,429.0,374.0,433.0,439.0,407.0,396.0,357.0,393.0,324.0,314.0,338.0,348.0,343.0,325.0,265.0,264.0,285.0,291.0
3,1,12.52375029248319,12.036491262798295,11.825471099096879,12.410345049203409,12.580423125800115,11.805537638180986,12.308491773206956,12.465318492173466,12.378641405011237,12.539285683000076,12.004522783637137,11.74499538906654,12.269628863453496,11.922883436122332,12.804243103687892,12.912475375034756,12.698348385189117,11.996396991521168,12.109759208276303,11.601364225441673,11.83023613580551,11.021312445439962,10.556630834041806,12.252095596575755,11.296248485196434,12.037579927693924,11.951291650989523,10.987615398475443,12.393821862696829,11.149843785361591,12.440782247791667,11.205902524159406,11.6865056660361,11.580788690774396,10.66871553217752,10.898608019341198,11.419645826627612,11.329708169343165,11.459243031397158,457.0,403.0,382.0,423.0,382.0,435.0,404.0,307.0,505.0,466.0,433.0,457.0,475.0,518.0,534.0,552.0,489.0,452.0,509.0,431.0,548.0,551.0,525.0,525.0,498.0,517.0,504.0,501.0,519.0,517.0,453.0,526.0,454.0,497.0,446.0,535.0,469.0,507.0,537.0,525.0,468.0,557.0,534.0,545.0,520.0,509.0,472.0,473.0,444.0,450.0,530.0,431.0,521.0,407.0,403.0,406.0,434.0,402.0,390.0,372.0,331.0,321.0,410.0,336.0,314.0,268.0,277.0,245.0,297.0,301.0,251.0
4,1,11.580013174664677,12.646368080669427,11.66573540703796,11.7225057986689,11.572787182022031,12.597045417779734,11.596267580830617,12.64288813369274,12.622487714113772,12.410582271204946,11.822830131267295,12.677838385190457,11.91939767106674,12.396594960490729,11.874828875418633,12.826264881428948,12.602716036611268,12.677554226108034,12.58827719263779,12.758690038438914,11.997530543092777,12.312583706536113,12.573226231777063,12.664062179929738,10.941981727553642,12.061085273961504,11.155195472823301,11.400339893486942,11.359616424827642,12.264491071828107,12.341131933621133,12.007911018559215,11.326927221545949,11.110266764617739,11.514247569727484,11.275718891952863,11.919981647940652,10.579596191709486,12.05852907086143,358.0,418.0,418.0,373.0,387.0,422.0,400.0,423.0,394.0,464.0,368.0,491.0,528.0,437.0,437.0,440.0,411.0,489.0,454.0,517.0,506.0,498.0,494.0,562.0,518.0,468.0,478.0,477.0,533.0,483.0,516.0,489.0,502.0,536.0,434.0,486.0,497.0,547.0,425.0,512.0,473.0,462.0,460.0,471.0,545.0,431.0,446.0,414.0,437.0,423.0,412.0,391.0,382.0,406.0,429.0,397.0,358.0,485.0,318.0,392.0,340.0,328.0,348.0,301.0,339.0,326.0,284.0,296.0,328.0,337.0,259.0
5,1,12.30381364420366,11.743481455999676,12.14791313650785,12.253660102252278,12.022553178603404,13.13786397859452,12.198956204357064,12.643834717885102,11.960453696027932,12.485914772065327,12.689189703119098,12.520706296333945,12.128396492829902,12.629883974929147,12.117759221199353,12.404401003858682,12.873888629367611,12.863918663408532,12.55460169399067,12.027659858509423,11.834349642308172,11.881156510470296,11.750892621305791,12.589879199592707,12.019923632900536,12.902730529867233,12.099025849357927,11.770116245932003,11.24370045265658,11.613531714783027,11.536045828562612,11.482417972883471,12.603854674841967,12.127754448500605,12.019969341886075,12.14582166366992,11.075708637050019,11.46736744499654,11.391741937578441,475.0,404.0,403.0,393.0,376.0,409.0,394.0,415.0,380.0,469.0,499.0,439.0,502.0,558.0,445.0,424.0,440.0,502.0,514.0,468.0,497.0,481.0,459.0,548.0,490.0,521.0,459.0,556.0,575.0,523.0,468.0,523.0,503.0,492.0,491.0,480.0,512.0,512.0,513.0,541.0,480.0,480.0,568.0,520.0,465.0,490.0,485.0,469.0,445.0,384.0,430.0,419.0,450.0,383.0,506.0,360.0,443.0,346.0,293.0,346.0,296.0,315.0,349.0,317.0,360.0,264.0,266.0,282.0,276.0,348.0,273.0
6,1,11.650770457158513,11.903198186506225,11.922533163295771,11.70539101413646,12.115209216752653,12.03438850821314,13.126616844926676,13.37495688027887,11.998155203541012,11.552832087696034,12.404761710769405,12.775659177348702,11.943767053536089,12.296395264089425,11.904625033102624,12.123076304276644,11.901038802341745,12.019848330396735,11.732212772131868,12.538390695234343,12.216922175084665,12.118279154372116,11.980971103190209,12.67190435558528,11.672412811082141,13.163045024911234,11.793926782054886,12.370970524532535,12.005315876469387,12.295142060657062,11.835973645050029,12.196709233287585,11.446709774860178,11.638888285941222,11.109191995553985,11.627566404351017,10.640969722067162,11.589756458316995,11.32701729391981,456.0,425.0,396.0,345.0,404.0,396.0,341.0,396.0,470.0,426.0,394.0,568.0,509.0,434.0,470.0,496.0,495.0,473.0,488.0,558.0,531.0,495.0,587.0,492.0,541.0,495.0,541.0,577.0,551.0,581.0,476.0,575.0,589.0,524.0,547.0,505.0,483.0,507.0,513.0,496.0,552.0,451.0,450.0,402.0,448.0,436.0,476.0,553.0,403.0,406.0,450.0,399.0,424.0,439.0,363.0,420.0,357.0,344.0,374.0,387.0,333.0,316.0,321.0,326.0,304.0,357.0,324.0,385.0,317.0,272.0,290.0
7,1,11.29491341290099,10.89431461463432,12.094739398520575,12.303645652688514,11.294313809312447,12.561093031845935,12.184733059617766,12.146544489068809,11.93050967698898,11.673925334519115,12.685896351431941,12.596935637015592,12.25279627588049,11.873365192162662,11.527926086873876,12.41697256626787,12.219792850771585,12.318500752616576,13.152045445652465,12.832809218275667,12.055855030156591,11.72179829265696,11.91243225547445,11.903269515108626,12.184954746199049,11.750097268727094,12.119532873363395,11.892005689610802,10.76764930471725,11.137576718858513,12.259975428744093,11.405073423430775,10.874507628426715,11.548771822066985,12.583117944380383,11.431422255977541,10.95233504003172,11.134049582897092,11.252969633827213,507.0,416.0,392.0,320.0,424.0,447.0,386.0,459.0,393.0,436.0,375.0,431.0,440.0,550.0,594.0,511.0,478.0,513.0,511.0,492.0,569.0,487.0,538.0,531.0,475.0,522.0,505.0,503.0,530.0,496.0,493.0,488.0,445.0,594.0,535.0,529.0,499.0,496.0,503.0,424.0,430.0,485.0,487.0,485.0,463.0,439.0,450.0,390.0,485.0,413.0,434.0,435.0,392.0,441.0,358.0,396.0,362.0,342.0,430.0,369.0,346.0,280.0,353.0,327.0,322.0,321.0,314.0,285.0,314.0,255.0,255.0
8,1,11.683012085750638,11.735526526692777,12.683551021115418,12.522273344683317,12.251780814502933,12.131824266416887,12.045687504633099,13.196339732038798,12.324563899379402,11.292296445601117,12.582148226846131,12.698429832822274,12.70628366293374,10.918154508344072,12.503908303672935,12.277929935987263,12.799821270660638,12.81552051077891,12.283263543639901,11.750272956684832,12.70551335183022,11.251567237852532,12.08820804666659,11.428031215521486,10.622602672201088,11.059052162379297,12.163659507932191,11.75109979834698,12.145616872564277,11.390903369975696,11.333425325975918,11.127664610326297,11.70773738804908,12.231650836432415,12.202662041730512,11.256560562809728,12.520793080397047,10.726863629041352,11.783646633965887,460.0,405.0,420.0,383.0,422.0,392.0,454.0,406.0,510.0,427.0,449.0,520.0,432.0,410.0,494.0,507.0,395.0,519.0,422.0,508.0,463.0,448.0,451.0,546.0,496.0,499.0,496.0,506.0,544.0,512.0,627.0,450.0,508.0,476.0,469.0,624.0,462.0,490.0,519.0,455.0,579.0,565.0,463.0,477.0,516.0,462.0,444.0,411.0,495.0,417.0,419.0,470.0,375.0,340.0,378.0,425.0,381.0,406.0,393.0,376.0,328.0,303.0,313.0,266.0,273.0,333.0,310.0,276.0,316.0,341.0,269.0
9,1,12.240987693341966,12.134012185077507,11.375944446576336,11.871495074066063,11.919204346329604,11.64241913261979,13.025568402945838,12.715482591110188,11.893885003837314,12.06083385879041,12.062853881141233,12.456420330886456,12.887926557100522,11.622232051479388,11.960745418145638,13.294466381038944,11.536160943142875,11.545338735246666,11.6342841519935,12.174325628244008,11.346766424459583,11.867979763866735,11.547102295909635,11.704645058398077,12.756813986589743,11.57524002023972,12.164669085702709,11.824191374392479,12.14686988619314,12.001385275473886,11.541844699623255,11.907996879807481,11.195312745100637,11.956236098680828,11.427764301395415,11.385441856270083,11.79301796081126,12.03873462974943,10.332426621489303,408.0,388.0,353.0,363.0,372.0,409.0,382.0,388.0,410.0,439.0,440.0,403.0,368.0,438.0,475.0,544.0,451.0,553.0,462.0,461.0,503.0,464.0,584.0,426.0,536.0,530.0,508.0,548.0,528.0,594.0,496.0,550.0,497.0,505.0,509.0,552.0,501.0,464.0,555.0,487.0,437.0,447.0,482.0,360.0,496.0,517.0,496.0,524.0,404.0,393.0,499.0,466.0,426.0,393.0,420.0,393.0,366.0,397.0,393.0,340.0,382.0,305.0,305.0,315.0,308.0,326.0,310.0,276.0,228.0,292.0,250.0
10,1,12.011405069537084,12.236374942777678,11.654692122362283,12.812297282282366,11.705599305679497,11.820849421145434,12.269616915766317,12.350186186099869,11.977942127527244,12.50321917090172,12.300202148230342,12.78971015514446,12.927273891402125,11.357467979966128,11.845119042363047,11.895258731110424,11.93425793547127,12.220288859260897,12.346308802028638,11.825362130953494,11.948780333919906,11.911194317037356,11.982097129594214,11.848964157266654,12.100482563702535,12.008815180480374,12.178309307115825,11.68007054425944,11.655977545670908,11.512183108298407,12.008510215249514,10.531695501313399,11.960349341713455,11.128813605829125,11.503592766996995,11.88049400724652,11.059280589873051,11.649482994324286,11.756843031987765,493.0,330.0,410.0,341.0,446.0,406.0,395.0,387.0,489.0,396.0,400.0,397.0,529.0,444.0,465.0,493.0,520.0,475.0,556.0,499.0,527.0,495.0,474.0,445.0,544.0,423.0,530.0,423.0,468.0,532.0,527.0,506.0,504.0,483.0,586.0,507.0,579.0,467.0,530.0,481.0,499.0,495.0,505.0,419.0,417.0,456.0,455.0,418.0,433.0,457.0,415.0,401.0,398.0,440.0,432.0,364.0,409.0,339.0,327.0,377.0,380.0,357.0,338.0,358.0,346.0,340.0,267.0,306.0,285.0,259.0,298.0
11,1,12.773413261087335,12.175543552756082,12.226191625749992,12.600574581101455,13.294125776651754,12.556683755738359,11.39878694715719,11.707579380207351,11.81198620774363,13.127725824401239,11.747400220271382,12.534285745531147,11.904631381810788,12.212977742202057,12.74921935916761,11.933227494154709,11.9586518794418,12.490202848579036,12.449588130478885,12.066548690085389,12.497732528930356,12.59511263676964,12.357295182365235,12.025564483043922,11.709007609512506,11.65090289511931,11.933701916014462,10.764253995641244,11.717128582356299,12.057237073150485,11.98883738436194,11.92892300788777,11.170657967576501,11.588259219039504,11.47085932986912,12.497532349397908,11.297163477463444,12.432243347170894,11.677487733263177,342.0,358.0,350.0,364.0,427.0,391.0,419.0,439.0,438.0,406.0,462.0,384.0,461.0,537.0,449.0,502.0,496.0,476.0,481.0,511.0,534.0,523.0,486.0,503.0,500.0,433.0,598.0,479.0,512.0,524.0,520.0,447.0,550.0,438.0,515.0,519.0,536.0,539.0,459.0,494.0,511.0,450.0,503.0,508.0,461.0,464.0,500.0,488.0,419.0,412.0,419.0,425.0,469.0,518.0,390.0,395.0,378.0,328.0,280.0,305.0,332.0,325.0,338.0,298.0,295.0,322.0,326.0,322.0,261.0,252.0,260.0
12,1,12.137652383156304,12.119029368177614,12.147349264607092,11.960102324152848,13.060127947318644,11.798166959808984,11.912932305395588,12.800309242576384,11.683984722713948,11.990747568809839,11.794175193380823,11.96855947425022,12.261994359618564,12.271595198099842,13.148707255251646,11.338780132897956,11.329998871854588,12.422388725156011,12.017605052864235,10.930532677960569,12.312920993843075,12.877590893577969,12.719629249538109,11.961783913212699,12.13886726836267,11.317789578068883,11.974353492695649,11.809107330205547,11.95654754423857,12.507145994151244,11.452057439206369,11.02209923991636,11.781545282611312,11.651395121488745,11.163141999194195,12.382187736658613,10.334330411729278,11.168963745825977,10.391754649302078,399.0,456.0,365.0,381.0,434.0,513.0,460.0,487.0,433.0,461.0,421.0,523.0,457.0,457.0,504.0,397.0,507.0,451.0,502.0,471.0,537.0,440.0,528.0,553.0,560.0,660.0,574.0,587.0,557.0,612.0,601.0,480.0,490.0,550.0,558.0,517.0,504.0,451.0,524.0,457.0,517.0,469.0,487.0,446.0,485.0,474.0,376.0,407.0,458.0,384.0,430.0,421.0,463.0,409.0,468.0,417.0,360.0,370.0,358.0,361.0,278.0,345.0,410.0,394.0,346.0,279.0,282.0,339.0,347.0,283.0,308.0
13,1,11.540737504798457,13.082216938979956,12.21827430909866,13.317336824995635,12.275211961181688,12.17895176401834,12.583924222057215,11.817126166724758,12.87163611365081,12.51517382317559,10.754896510834582,12.072815754232844,11.471997938356232,12.358756724453338,12.300497573957108,12.286944466557973,12.126856149873284,12.397378847803347,12.080321713497128,12.03636823854355,12.219370732979323,11.847946695177221,11.391574070903015,12.03804999317935,11.764369379532695,12.057072060592068,11.434303120133823,11.692221261333678,12.30990714513785,11.89175948274542,11.88393044363699,10.957927362776148,11.932422350826094,11.47780005910322,10.869655227926417,12.117070768319103,12.032097782161966,11.970567941945205,11.701378867637663,420.0,439.0,457.0,350.0,352.0,438.0,440.0,442.0,389.0,433.0,375.0,498.0,440.0,455.0,545.0,547.0,474.0,488.0,462.0,495.0,512.0,534.0,519.0,479.0,530.0,571.0,486.0,522.0,517.0,499.0,525.0,600.0,497.0,515.0,480.0,565.0,415.0,478.0,455.0,461.0,512.0,494.0,481.0,480.0,505.0,481.0,591.0,430.0,475.0,420.0,433.0,460.0,446.0,408.0,414.0,368.0,413.0,374.0,379.0,373.0,349.0,320.0,365.0,339.0,314.0,330.0,338.0,288.0,324.0,303.0,279.0
14,1,11.942540731120511,12.183697793868907,11.529088251669705,12.297806906118144,12.251745819704949,12.752283416251899,11.966567504980851,11.878809925025974,13.020112221629738,11.886994672020155,11.949879837105737,11.849666015899858,12.731649062002514,12.426200100668465,12.924880925232898,11.799469140418378,12.149287071084633,12.743081056250814,12.108872307818263,11.068460382507304,11.850882323711984,11.672488622724968,12.031974277147182,12.561527543028232,11.782461356204676,11.24179293025525,11.812355129860515,12.142653208053359,12.218725792934118,11.434905053818916,11.18262907828751,12.08743875431564,11.491380320353533,11.782548569353228,11.55496394288766,11.665855294834751,11.395713725954288,12.002975924043694,11.570476296253938,478.0,394.0,419.0,369.0,409.0,334.0,406.0,366.0,480.0,524.0,466.0,454.0,470.0,377.0,553.0,471.0,477.0,467.0,593.0,546.0,558.0,519.0,601.0,533.0,503.0,533.0,499.0,472.0,484.0,435.0,470.0,497.0,445.0,499.0,544.0,599.0,494.0,425.0,492.0,480.0,529.0,467.0,633.0,483.0,530.0,507.0,483.0,543.0,492.0,479.0,501.0,462.0,432.0,467.0,418.0,432.0,396.0,347.0,349.0,422.0,382.0,319.0,375.0,337.0,285.0,318.0,353.0,285.0,305.0,298.0,296.0
15,1,12.193254586479792,11.75121064160669,11.992306558548496,10.983865756890784,12.909894794374212,12.948547863739446,12.431082215017026,12.505440818807907,12.252737292568145,11.748027631938792,11.173951493874823,12.408708878354709,12.065724094894412,13.085554198308317,12.91012953455802,12.49050049153112,12.80391865817526,12.91628169950208,12.268548290193976,11.576529467864798,12.67814747927094,11.86758266375468,10.771434982231964,11.01037026146716,13.032245023347336,11.241811076895244,11.267275446472532,11.895548507551053,12.459034711812695,11.574474439868958,11.958638317274751,11.66492538608056,11.090514907695297,11.051139198819534,11.69358789249223,12.190486200073227,11.304010643462059,11.905029704417661,10.82974417047217,390.0,446.0,423.0,447.0,377.0,413.0,413.0,470.0,444.0,456.0,502.0,489.0,508.0,483.0,506.0,469.0,479.0,544.0,543.0,447.0,556.0,566.0,546.0,550.0,463.0,511.0,530.0,509.0,576.0,516.0,539.0,543.0,464.0,477.0,455.0,585.0,475.0,406.0,512.0,500.0,421.0,453.0,396.0,443.0,460.0,456.0,480.0,439.0,493.0,463.0,433.0,430.0,365.0,418.0,381.0,379.0,457.0,332.0,397.0,375.0,339.0,414.0,366.0,320.0,360.0,333.0,342.0,359.0,334.0,283.0,252.0
16,1,11.437051056584842,12.526894551494767,11.969331974424668,12.90702216257555,13.248763169124514,10.749842935319695,11.762827691589125,12.783175528183765,11.713467806009286,11.99879189872682,12.89476829947003,11.717065883399277,11.949729253815402,12.333547686969032,12.894143756982391,11.319584386946854,11.94168370117057,12.653189942421745,12.050842535896027,12.244389618295685,12.831553935366339,11.511300039217094,12.088627487997643,11.81095868855009,12.790367080438685,11.729973397371904,12.609858891391792,10.669860408359867,11.724045113980585,11.849315358089694,12.583837950581469,11.527128587510502,12.043320675488685,11.690283626329064,11.657053968308302,11.996165941066689,11.21954755011707,11.73036461473781,11.164870895880508,458.0,402.0,428.0,375.0,421.0,428.0,440.0,405.0,427.0,390.0,431.0,425.0,452.0,464.0,514.0,495.0,532.0,512.0,409.0,519.0,521.0,478.0,513.0,531.0,547.0,546.0,502.0,515.0,605.0,580.0,476.0,524.0,548.0,528.0,461.0,528.0,515.0,517.0,553.0,468.0,433.0,539.0,515.0,436.0,464.0,574.0,490.0,490.0,527.0,428.0,337.0,398.0,479.0,435.0,396.0,445.0,453.0,402.0,351.0,392.0,350.0,414.0,283.0,324.0,316.0,322.0,345.0,328.0,306.0,323.0,304.0
17,1,11.53346931055069,11.459742044823232,12.75538955969992,12.317173777534569,11.792836000955226,12.372601314984768,12.019400383413355,12.39404537141324,12.196400071775656,12.462740014946736,13.141623099574801,12.27444549661543,11.30598554917868,11.739398024752012,11.9405243973853,12.941710623292378,12.540101808647702,11.854995563776,12.879912769730257,11.786082194982004,10.807256224641279,12.579405694218313,12.681645029879439,12.062125108502066,11.830472848699015,12.255894155102881,13.291369899842431,10.952508401734177,11.770952350770603,12.145211552258266,12.365924036291505,11.927690860781844,11.92692833518354,11.43210957438057,11.03848787897901,12.073668839525405,12.493134847290102,11.853065683548184,12.12177131569557,365.0,416.0,320.0,360.0,434.0,413.0,460.0,423.0,420.0,395.0,485.0,472.0,445.0,509.0,495.0,514.0,470.0,506.0,472.0,478.0,469.0,528.0,484.0,555.0,534.0,485.0,520.0,491.0,535.0,455.0,496.0,541.0,502.0,553.0,497.0,444.0,628.0,454.0,457.0,550.0,457.0,470.0,513.0,439.0,427.0,534.0,471.0,474.0,455.0,451.0,462.0,352.0,446.0,469.0,426.0,374.0,396.0,363.0,397.0,419.0,471.0,397.0,395.0,373.0,326.0,312.0,306.0,278.0,312.0,300.0,352.0
18,1,11.544477419220822,12.646490250036353,11.271201188228039,12.30737187344497,12.39355509910319,11.46448833818628,11.09401894279389,12.43289736923971,11.734451073475748,11.907687993887388,12.771547620844412,12.565041314235959,11.305757444435596,12.214437624732078,12.25823615422677,12.328479825012982,12.738409305859792,12.350315779073993,13.020185735183821,11.869199027913396,12.24628837194211,11.471119037699694,12.434927711751829,12.66713505402277,11.388396374391935,11.14035316727572,11.926107534149573,12.600577177264366,12.328815574874573,11.782236794347792,11.667044981694056,10.85263643390538,10.607980998020178,10.910969653877038,11.716128555296367,12.344843168263585,12.174203767181849,12.99194393497639,12.236516292691308,482.0,355.0,366.0,439.0,380.0,505.0,375.0,452.0,460.0,462.0,496.0,569.0,488.0,533.0,501.0,518.0,557.0,521.0,468.0,491.0,453.0,525.0,460.0,551.0,461.0,573.0,520.0,539.0,442.0,459.0,521.0,545.0,477.0,417.0,509.0,509.0,439.0,517.0,523.0,481.0,461.0,502.0,427.0,502.0,489.0,474.0,548.0,448.0,435.0,368.0,519.0,461.0,509.0,432.0,391.0,366.0,401.0,485.0,412.0,342.0,398.0,350.0,403.0,288.0,399.0,368.0,274.0,338.0,401.0,324.0,269.0
19,1,12.057489732392096,11.381251055816234,12.672555639001946,11.253788622313104,13.554811582429641,12.194115434209031,13.274915156057496,11.561144654069572,13.294796495644974,12.665721706478617,12.185205812151764,12.425822436552462,12.323256237604788,11.815887025284367,12.333008848842283,12.419674445603464,12.843684914200793,11.739851501357158,12.893088737915734,12.197319225739777,11.393754027773499,12.047708336302534,12.115094367690569,12.568168032986028,11.8580474011358,12.253459765688097,11.658600078807659,11.866294401000067,11.961822559163998,11.419809780942803,11.79179301792592,11.025872022025888,12.169778393845851,10.64009233407756,11.891303816363068,11.865593745191338,10.630249993895399,11.177609152548664,10.93521941196543,413.0,302.0,348.0,349.0,385.0,440.0,389.0,464.0,452.0,398.0,519.0,471.0,455.0,424.0,534.0,499.0,451.0,461.0,543.0,482.0,453.0,397.0,447.0,487.0,444.0,490.0,500.0,419.0,446.0,582.0,468.0,495.0,462.0,480.0,520.0,520.0,445.0,453.0,556.0,471.0,421.0,524.0,429.0,445.0,459.0,436.0,415.0,509.0,463.0,399.0,425.0,420.0,371.0,416.0,439.0,460.0,333.0,398.0,324.0,378.0,340.0,355.0,400.0,381.0,314.0,300.0,273.0,302.0,271.0,302.0,267.0
20,1,12.127322558557209,12.137367651420627,12.363894603775963,11.091794646136027,12.232301832916594,12.109221524640358,12.51542295095326,12.62747892746637,12.47696417031221,12.444635170123789,11.852561922665194,12.144436220213539,12.058317270920636,12.38475176151293,12.202735245180534,13.307780449653162,11.636059786080498,12.247052637920019,12.541599741831241,12.696643328456897,11.585810957936005,12.445973601338265,12.053062879018574,11.925385087258709,11.433992940015868,11.339007971456995,12.777240407496185,11.855193889911718,10.84854462051142,11.734040282235087,11.41861290429621,11.083535866090308,11.724999135833826,12.569761755865686,12.668079285905117,12.103030274280508,11.17809854309215,11.116106839955345,11.840296079975804,390.0,453.0,369.0,391.0,391.0,466.0,391.0,479.0,428.0,442.0,430.0,389.0,449.0,414.0,473.0,461.0,424.0,502.0,488.0,517.0,522.0,468.0,466.0,539.0,460.0,416.0,515.0,515.0,477.0,508.0,557.0,518.0,463.0,533.0,556.0,496.0,519.0,483.0,519.0,518.0,503.0,481.0,490.0,452.0,440.0,489.0,484.0,448.0,533.0,428.0,447.0,415.0,446.0,447.0,410.0,393.0,384.0,408.0,379.0,328.0,403.0,318.0,316.0,321.0,273.0,276.0,282.0,258.0,316.0,304.0,262.0
21,1,11.9450088391843,11.891567493741059,11.657245065223506,11.491537030402418,12.01162478717446,11.964858883637842,12.279053944622538,11.889551732059877,12.109168819876318,12.32685189730729,11.44718537203833,12.162017956849752,12.246309721418775,12.171895317318771,12.356057822488648,12.107557329692934,12.35866941945381,12.330267722903558,12.471587401932485,12.167723554903569,11.791020253514189,12.00067168504904,12.537730041712232,11.834894463046671,11.60552188600306,11.487191145616901,12.263229373411942,12.657017886629081,11.724108920907543,11.757208314400785,11.944724526859021,11.153519806194469,12.500645651531816,12.049952736610656,11.456240252262019,11.734074856587402,11.672906296804054,12.343722421944852,12.316116154377639,459.0,398.0,390.0,416.0,376.0,414.0,385.0,446.0,396.0,432.0,469.0,476.0,464.0,450.0,423.0,499.0,472.0,465.0,453.0,544.0,504.0,495.0,481.0,537.0,478.0,501.0,557.0,503.0,509.0,470.0,524.0,553.0,485.0,519.0,496.0,495.0,495.0,535.0,456.0,503.0,495.0,465.0,531.0,410.0,417.0,455.0,429.0,444.0,396.0,429.0,482.0,407.0,418.0,452.0,368.0,399.0,353.0,362.0,405.0,343.0,389.0,395.0,335.0,321.0,408.0,343.0,363.0,306.0,346.0,296.0,355.0
22,1,12.103680606243826,11.563823101058789,12.600776502094536,12.517754941950644,12.503228297640474,12.280562995477236,12.356321577493171,12.610356877960436,11.308700094045589,11.537234236746725,11.588961209362598,11.113667985771565,11.858997719221344,12.299108429512861,11.684368029082963,11.317709458184428,12.21659991569035,11.58144973372649,12.028942400789052,11.305849627837057,12.659722944909184,12.357112708452554,12.177266301641787,12.516252582387462,11.627895549050356,11.153558788411646,12.374101165144225,11.791271499368918,12.2228698484672,12.172375389880068,12.34610491247399,11.07395321165266,12.047213493838125,11.530764474818852,11.204290666994774,10.949095649110467,10.330982945732554,11.397370911227323,11.833878279549984,450.0,413.0,439.0,436.0,415.0,459.0,406.0,400.0,411.0,533.0,468.0,473.0,513.0,452.0,493.0,525.0,452.0,398.0,480.0,461.0,547.0,451.0,496.0,506.0,454.0,515.0,576.0,456.0,456.0,420.0,550.0,450.0,553.0,555.0,519.0,520.0,473.0,436.0,459.0,503.0,473.0,479.0,472.0,427.0,416.0,452.0,478.0,484.0,467.0,408.0,510.0,452.0,439.0,400.0,502.0,403.0,419.0,401.0,355.0,393.0,310.0,328.0,354.0,307.0,270.0,295.0,257.0,222.0,282.0,306.0,294.0
23,1,12.765022871604279,12.298602356978648,11.940628138454215,12.049324447582276,12.555133805672526,11.896528133184967,12.542893772771688,12.037043968993851,12.351717325702296,12.60281821069427,12.534688729814254,11.048128136806223,12.546988303493471,11.89358866314398,12.014245736523687,10.955491311657491,12.559464757110124,12.164146741141234,11.403725168411476,11.914882353765293,11.985232890573135,11.986730663389267,12.900808304335172,11.922264706414714,11.29378696431627,11.554467516487026,12.287071004894086,11.462002196303096,11.88252355271743,12.582962539696807,11.732001732840386,11.968320526222467,11.472839112694983,11.451329819530232,11.929287395771388,11.272871582253565,12.357872782453486,11.143935967484875,11.964295696602276,431.0,412.0,359.0,359.0,437.0,345.0,419.0,413.0,388.0,442.0,509.0,553.0,441.0,584.0,442.0,564.0,454.0,537.0,533.0,436.0,555.0,517.0,511.0,387.0,517.0,566.0,508.0,402.0,545.0,587.0,469.0,465.0,512.0,442.0,512.0,425.0,378.0,547.0,452.0,546.0,541.0,528.0,516.0,441.0,470.0,420.0,452.0,490.0,479.0,504.0,393.0,380.0,385.0,452.0,447.0,413.0,344.0,351.0,359.0,429.0,383.0,349.0,380.0,346.0,325.0,340.0,289.0,327.0,319.0,285.0,295.0
24,1,12.04022353219267,12.482354305149059,11.76106755897583,11.70762154609257,11.254312284413672,12.009486633660213,12.131086518623642,12.218279079610936,12.22891591748496,12.231166260713254,12.798574014952505,13.570044528601892,12.408954567030918,12.640578209590906,11.651662015856694,11.798557854329403,12.133043509148122,11.814510878735229,13.119688268141896,12.295340836974363,11.495722772307401,11.996944020841186,11.753954090777384,11.449280124075015,12.333696985679849,11.791065105336534,11.195380027466657,12.26428393760529,11.563905290151492,11.653637376992004,11.82962342401391,11.921550388482046,12.414943278375286,12.23185471513014,11.698124847556182,11.992369351524705,11.224272645144918,11.940525521568478,11.807458071104966,412.0,477.0,435.0,393.0,380.0,420.0,399.0,473.0,474.0,463.0,436.0,475.0,439.0,566.0,540.0,453.0,527.0,538.0,506.0,473.0,470.0,531.0,506.0,542.0,466.0,512.0,501.0,593.0,508.0,558.0,475.0,496.0,538.0,525.0,583.0,425.0,514.0,475.0,491.0,498.0,504.0,448.0,471.0,483.0,463.0,461.0,460.0,522.0,495.0,456.0,451.0,352.0,432.0,364.0,378.0,456.0,413.0,362.0,388.0,307.0,352.0,318.0,314.0,340.0,302.0,349.0,331.0,234.0,295.0,327.0,284.0
25,1,11.528427826664352,12.425803416288886,12.33267987522755,12.273732712994802,11.937909502986033,12.067096645377376,12.5039658973623,13.330584382230368,12.409762698486736,12.928025289755206,11.405666498666955,11.924423774992633,12.718273784297436,12.551212692254117,13.492757573845063,12.308429626692904,12.9318453229136,11.707568593277292,13.25998639265169,12.919927069129686,12.281805476439779,12.67761136085695,12.500039520436019,11.986613822286454,12.219534621095757,11.998103454851544,13.279600326109037,12.514850003178099,12.16039429088003,12.381551169526357,11.844141707787871,11.988783842884997,11.499784719541248,11.022061838405884,11.968608175813005,11.546503275525476,11.26613175382789,11.024977843170161,11.420577617111276,420.0,466.0,402.0,411.0,379.0,456.0,412.0,404.0,450.0,439.0,422.0,416.0,504.0,447.0,520.0,430.0,521.0,448.0,520.0,471.0,415.0,441.0,510.0,514.0,577.0,490.0,523.0,562.0,502.0,563.0,559.0,521.0,554.0,502.0,480.0,510.0,474.0,560.0,477.0,418.0,481.0,537.0,589.0,442.0,480.0,506.0,452.0,384.0,475.0,478.0,512.0,409.0,454.0,379.0,477.0,395.0,378.0,435.0,358.0,441.0,394.0,312.0,337.0,346.0,369.0,371.0,332.0,358.0,319.0,285.0,303.0
26,1,12.147756151619443,11.993212353750868,11.745642310072924,11.905919748310078,12.026079551506923,12.02401599326447,12.431375550193666,11.38295184483666,11.966209636938828,12.491514801466055,11.774501723436353,13.370092215111848,12.860757640286568,11.40216840263669,12.682291918558972,12.030400478787953,12.701241253191906,11.541123027418019,11.982442997619193,12.347902193918607,11.954589179721212,11.799715707590197,12.72539902597065,11.460440555453566,13.062342715258463,12.917423574304474,11.274204424707289,11.06368120077561,12.293403483155647,12.48774758666723,12.043222367796856,11.731217539297841,11.422546824855576,11.488217056387713,11.533871343919815,10.88575057892617,11.597252543735879,10.582451395561696,12.388052908504623,475.0,442.0,394.0,371.0,447.0,439.0,437.0,406.0,391.0,440.0,524.0,471.0,493.0,440.0,512.0,517.0,528.0,520.0,438.0,557.0,560.0,528.0,459.0,449.0,565.0,468.0,464.0,440.0,509.0,568.0,455.0,488.0,514.0,510.0,538.0,543.0,526.0,532.0,569.0,485.0,523.0,468.0,522.0,507.0,504.0,453.0,388.0,477.0,446.0,374.0,407.0,428.0,408.0,412.0,378.0,355.0,330.0,414.0,333.0,368.0,340.0,324.0,356.0,332.0,273.0,255.0,294.0,256.0,266.0,245.0,297.0
27,1,11.442766258632476,11.969741559089414,11.681283588482321,12.30049866095734,11.847318024045569,11.794687560493498,12.706485218989464,12.37187288957386,12.264796115339632,12.476473416062788,12.706885094081699,12.49074784350091,13.16301605661919,12.661948643823296,11.91004462094029,12.872125634992413,11.886162570269766,12.347311483755483,12.880173629653605,12.598539495320836,12.762685886957847,12.509288369628822,11.928187854599992,11.417501945251232,12.750429389561166,12.51211711035223,10.61896178057245,12.551591779387087,12.132268045120025,12.29062792743092,12.695072945002854,11.451619934633465,10.901570815095392,11.287373479587023,12.013650600269694,12.063885467564015,11.704566614494299,10.959338094233567,11.88062257984253,444.0,442.0,348.0,417.0,427.0,331.0,427.0,460.0,424.0,448.0,362.0,470.0,477.0,464.0,536.0,423.0,516.0,571.0,539.0,485.0,552.0,533.0,430.0,570.0,514.0,489.0,532.0,490.0,493.0,491.0,448.0,484.0,491.0,475.0,506.0,494.0,456.0,455.0,435.0,480.0,504.0,540.0,459.0,442.0,458.0,447.0,491.0,468.0,393.0,403.0,482.0,436.0,417.0,438.0,460.0,421.0,419.0,437.0,416.0,354.0,363.0,341.0,307.0,401.0,335.0,319.0,345.0,327.0,342.0,322.0,273.0
28,1,10.748622081485584,11.642602198999807,11.048666532017833,11.8928593113459,11.685600101419713,12.119884221236255,11.99982353125347,12.222947339447389,12.389628479476313,11.52718202993784,12.308269251521345,12.262470475447047,12.903551875948231,12.13084131878782,12.277873969586116,12.061236675334978,12.67078289639522,13.13857140906834,12.674393858297957,12.203401081132471,12.369822047223455,12.153769004596048,12.079671581107462,12.45973755896371,11.521859602775901,11.965303815866834,12.337633959735964,11.749212315423538,11.122382229961655,12.261054445854018,11.284071856336684,11.83604455488898,11.796435275973124,11.244808988146822,12.055047892400143,11.334052518566907,11.818948991945774,11.99693991803884,11.185399564239955,477.0,383.0,449.0,414.0,367.0,369.0,383.0,405.0,458.0,465.0,443.0,427.0,479.0,482.0,490.0,442.0,518.0,524.0,465.0,476.0,476.0,505.0,386.0,405.0,509.0,474.0,503.0,489.0,475.0,550.0,510.0,518.0,462.0,547.0,546.0,577.0,515.0,503.0,476.0,584.0,421.0,487.0,478.0,445.0,543.0,503.0,508.0,500.0,435.0,444.0,390.0,396.0,419.0,453.0,359.0,377.0,396.0,325.0,307.0,393.0,330.0,311.0,366.0,319.0,304.0,338.0,332.0,300.0,265.0,304.0,237.0
29,1,11.883649703510292,12.158450684620439,11.5991098302769,12.663145812798234,12.409785740134026,13.724897479383719,11.696237678065167,12.930585488298002,12.991136797833887,12.224861095913184,11.153546534760954,12.082564465172474,12.02035255940269,12.216993190615257,12.32670195992836,12.197911739218913,12.216184836775634,12.107799426951116,11.720269348681633,12.091399422499371,11.329819501174349,11.721611523014232,11.800723830329709,11.462238454506121,12.592806965120763,12.396318879574157,11.52037593803297,11.142502718134109,11.21098825227594,11.53127218239854,11.621631145960627,10.947042290669451,12.123759506115002,12.389416681160096,11.960619421600013,11.121853896830894,11.433390741682166,10.993541717354761,11.003026937971507,429.0,393.0,384.0,380.0,362.0,434.0,383.0,410.0,455.0,391.0,421.0,507.0,468.0,496.0,401.0,482.0,555.0,527.0,514.0,511.0,493.0,541.0,525.0,590.0,515.0,511.0,584.0,569.0,528.0,505.0,481.0,478.0,559.0,598.0,461.0,535.0,544.0,472.0,488.0,494.0,493.0,506.0,538.0,534.0,451.0,538.0,487.0,435.0,453.0,366.0,383.0,363.0,343.0,477.0,406.0,389.0,371.0,430.0,380.0,342.0,360.0,324.0,347.0,334.0,326.0,332.0,280.0,313.0,327.0,239.0,233.0
30,1,11.97078817879454,12.064839228740158,11.217761090307402,12.393905680451724,11.868770755930301,12.683272490676863,11.88502381102853,12.473858895774868,11.233998568373353,12.958828284046593,11.853709798144857,12.218563020616882,12.108778120840908,12.9391228515123,11.757867423741033,12.184801973418555,11.361735186667822,11.784525527753514,12.032890633840365,12.781521364837541,11.998287824519556,11.565750220151592,12.07994126334543,13.118635085563385,11.941312954993634,11.218432072036673,11.819268612198247,11.43528411333405,11.461178347442832,11.836422170704225,10.631156323794347,11.541916789595776,11.2705377696274,11.446257943540411,11.904233998454993,11.582776034246706,10.876228245265734,10.777079586020298,11.374650037383608,390.0,310.0,394.0,462.0,374.0,425.0,352.0,458.0,445.0,365.0,393.0,501.0,474.0,422.0,509.0,514.0,450.0,481.0,442.0,496.0,499.0,372.0,584.0,549.0,496.0,560.0,572.0,437.0,549.0,565.0,433.0,527.0,544.0,507.0,552.0,513.0,561.0,482.0,575.0,523.0,575.0,478.0,506.0,457.0,426.0,479.0,441.0,443.0,404.0,508.0,473.0,430.0,402.0,377.0,409.0,442.0,365.0,421.0,361.0,317.0,357.0,326.0,330.0,343.0,332.0,304.0,314.0,312.0,320.0,231.0,235.0
31,1,11.208186367665713,12.132730466748002,11.625344419218218,12.07745189183066,12.017860841675795,12.062204644720055,12.20366516343282,13.001627523751912,12.988725321611525,11.99610282687868,12.68894492209181,12.3714126347524,11.650458003209392,12.115193890484274,11.45988820513234,11.706529901422414,12.274755136640175,12.08066546411711,11.034062034574768,12.360096298023546,12.0172934550669,11.948669510922041,12.171521764231187,11.349358765624956,11.416504485753553,12.257983823138494,11.387901440150936,12.00213365876143,12.159404982339215,11.707965041817124,12.323901655666928,11.15257981262385,11.27862384554907,11.69241055953644,12.559686199163616,10.599505574855645,11.011284905863993,11.2488701365334,11.40226603062,367.0,406.0,345.0,367.0,432.0,452.0,387.0,481.0,397.0,430.0,562.0,514.0,544.0,545.0,485.0,543.0,428.0,517.0,468.0,466.0,503.0,472.0,565.0,519.0,545.0,567.0,531.0,505.0,533.0,479.0,529.0,404.0,510.0,505.0,462.0,555.0,543.0,610.0,492.0,470.0,517.0,514.0,435.0,467.0,435.0,493.0,527.0,507.0,379.0,404.0,492.0,440.0,419.0,443.0,414.0,418.0,394.0,414.0,389.0,408.0,355.0,344.0,358.0,274.0,274.0,308.0,353.0,289.0,344.0,344.0,271.0
32,1,11.395051535769717,11.475782253928275,11.387748031308359,13.092280840054167,11.624273602298821,12.879664048706935,12.961006873793876,12.551387576247432,12.355440280854795,11.863867181223176,11.223014413044758,12.960056501369175,12.315032553126029,12.126530341840642,13.35633748417936,13.037531273170265,13.03462490614741,12.787576360907224,12.288649982705714,12.622410035929171,11.198406966982603,11.592967814164835,11.897729439198015,11.844852791739738,11.253232763331125,12.258920335649947,12.028700528316323,11.58007219716629,11.664835734478842,12.175214609557193,10.944767533425335,12.407333440973174,11.23487104687857,12.054643021740553,11.434839442770318,11.907492260461076,11.573824066962114,11.212089737701326,11.082658144295324,441.0,440.0,350.0,476.0,366.0,337.0,439.0,420.0,338.0,451.0,395.0,386.0,462.0,445.0,416.0,403.0,507.0,422.0,491.0,459.0,446.0,508.0,548.0,502.0,464.0,417.0,556.0,552.0,509.0,515.0,431.0,546.0,451.0,557.0,520.0,510.0,455.0,540.0,450.0,420.0,496.0,457.0,534.0,525.0,494.0,545.0,455.0,446.0,428.0,408.0,404.0,403.0,390.0,363.0,438.0,369.0,344.0,382.0,364.0,337.0,306.0,282.0,275.0,335.0,319.0,306.0,264.0,275.0,283.0,252.0,275.0
33,1,11.455238874021132,12.167711271632937,12.58531343827431,12.288821327229533,12.309536931878158,12.830674174212582,12.668010403488381,12.821083133582617,11.970909339107497,12.639262177050869,12.209226276638818,12.304757712647135,12.291875256832665,11.605756130139559,11.350952014698622,12.419386184635007,12.530080174386159,11.851090116836314,12.368154034558549,11.092075345206009,11.217301467945227,12.240275328832528,12.14770219493945,12.284003191575579,11.551257023541348,11.109337921203082,12.050498116146816,12.27973552405581,11.618225775893835,12.228808912429368,11.61126162649399,12.363008100963532,11.01184793445013,11.748991505538092,12.655575010106729,11.962420250951782,11.415432973064844,12.245249106362646,11.225975206116685,382.0,412.0,432.0,480.0,385.0,380.0,333.0,435.0,369.0,442.0,428.0,487.0,483.0,491.0,431.0,449.0,505.0,439.0,478.0,526.0,519.0,505.0,510.0,496.0,496.0,443.0,547.0,547.0,517.0,525.0,589.0,547.0,555.0,541.0,544.0,542.0,541.0,560.0,451.0,442.0,474.0,452.0,529.0,469.0,439.0,561.0,427.0,367.0,362.0,454.0,477.0,406.0,357.0,378.0,398.0,409.0,391.0,331.0,343.0,365.0,338.0,359.0,322.0,358.0,307.0,255.0,315.0,310.0,276.0,261.0,257.0
34,1,11.761205597165906,12.029527465341932,11.762136506004973,11.982692059111876,12.578956058095292,12.259332536863761,12.290608073375456,11.565415678513155,11.82949269522576,13.050007904159521,12.10880393295798,11.930574933204966,12.229342859395087,12.250430449073699,11.682047668078685,11.927242645675769,12.1737094168675,11.897114717651101,12.538518576800538,12.86129236584645,13.061446467545053,11.827509674218975,12.129740922193179,12.245277310287616,12.408348873546885,11.783642019677636,10.97980592459014,10.935364382171203,11.776502559018216,11.677184717454598,11.197162956134214,11.93906329927337,11.744855268569387,10.212585746336174,11.857445814064278,11.382872586338562,10.961930632519975,11.453300305019694,10.921617823744116,488.0,366.0,375.0,356.0,413.0,430.0,410.0,409.0,433.0,464.0,408.0,425.0,377.0,482.0,494.0,430.0,469.0,505.0,506.0,517.0,464.0,501.0,456.0,539.0,474.0,526.0,488.0,514.0,503.0,522.0,532.0,487.0,608.0,459.0,507.0,473.0,474.0,466.0,520.0,511.0,453.0,533.0,494.0,420.0,484.0,477.0,382.0,535.0,413.0,470.0,406.0,401.0,398.0,376.0,377.0,406.0,421.0,413.0,382.0,337.0,346.0,343.0,317.0,303.0,310.0,327.0,324.0,312.0,332.0,331.0,260.0
35,1,11.480274560496422,11.85064336148339,12.087988833433483,11.92353938344139,12.317435932159675,12.366604785201844,12.358150343482533,13.212846283614686,12.07772504152168,13.57595233869151,12.984191607304219,12.309496270586044,12.467104212487607,12.349332625067154,12.105662414433564,12.179865016261568,12.326407190755624,12.093847641049042,11.789624455663585,12.21611789343862,12.354576126444247,12.729376409276277,12.803429424883506,13.2555349858172,12.026208740537891,12.012095029614674,12.621233914956413,11.12393594423388,13.10898665834251,12.020807356127984,11.116244385067061,11.128424495838132,12.222654670534816,12.280072301404202,11.659782133702352,12.265975659760825,11.428342097115364,11.737208813307877,10.236143443675115,411.0,424.0,418.0,360.0,464.0,363.0,389.0,465.0,452.0,445.0,430.0,400.0,485.0,480.0,421.0,538.0,492.0,537.0,494.0,539.0,468.0,542.0,535.0,513.0,595.0,510.0,508.0,484.0,509.0,476.0,547.0,556.0,466.0,439.0,408.0,463.0,496.0,463.0,511.0,424.0,481.0,449.0,446.0,412.0,430.0,463.0,478.0,415.0,375.0,422.0,435.0,402.0,374.0,362.0,432.0,397.0,354.0,397.0,364.0,338.0,318.0,294.0,284.0,312.0,294.0,244.0,297.0,311.0,258.0,208.0,269.0
36,1,12.24600100189587,11.972623551617547,11.445972409011123,12.168194507191133,11.894873853853529,12.029772052156053,12.59061706318596,12.621706167000132,12.060817818721969,12.440326171239048,12.497939844429162,11.440637902113998,12.228659058748825,12.059904209821681,11.748292525243894,11.830517018691829,11.950394725974526,11.768893852670141,12.145816428800773,12.173824371967736,12.588630632279685,11.59668908368393,12.741222535559428,11.91840299522683,11.67159678911037,12.351180464896533,12.376260571294777,12.21676562178337,11.387191953270033,11.646745768144719,11.076324545846893,10.721234024348064,11.945473561368376,11.757905611218575,12.259619535389769,11.545249233699517,10.874180441533104,11.386849238106405,11.633955344176144,482.0,385.0,385.0,450.0,400.0,379.0,398.0,396.0,421.0,539.0,449.0,485.0,548.0,389.0,444.0,494.0,423.0,506.0,538.0,454.0,614.0,620.0,607.0,471.0,458.0,518.0,492.0,489.0,477.0,558.0,543.0,504.0,544.0,516.0,516.0,574.0,476.0,655.0,635.0,465.0,430.0,390.0,454.0,428.0,415.0,522.0,416.0,426.0,480.0,418.0,433.0,438.0,493.0,348.0,399.0,322.0,304.0,320.0,305.0,307.0,295.0,333.0,290.0,294.0,262.0,301.0,293.0,264.0,258.0,286.0,276.0
37,1,11.205971496528973,11.895394959391774,11.968711368033116,12.428303354990893,12.996416521020459,12.13465989937631,12.705724318908063,11.618610354354306,12.404603164042735,12.483168087874036,12.501280516299259,11.447126226312426,12.159821712057001,12.429833558418657,12.260133121126994,12.121183551525613,12.405572665326192,12.002979514792365,11.875196757260518,12.243419556658377,11.43678556469534,12.006646188985098,11.229272280525327,11.70032398933241,10.695206547604387,11.58427522499714,11.689106884457036,12.347662808702244,11.599193357305417,11.10136582587516,11.73922379847623,11.424251489624114,10.842336154036897,10.976992128746316,11.35867192270158,11.508872126843114,11.759866309841438,11.240067497239247,10.767548606371134,517.0,440.0,449.0,436.0,407.0,366.0,451.0,455.0,414.0,378.0,498.0,446.0,451.0,462.0,491.0,474.0,453.0,474.0,464.0,549.0,440.0,550.0,495.0,522.0,505.0,498.0,508.0,501.0,553.0,497.0,581.0,504.0,487.0,566.0,460.0,487.0,479.0,483.0,496.0,429.0,454.0,481.0,493.0,471.0,411.0,510.0,450.0,381.0,440.0,414.0,460.0,396.0,357.0,384.0,386.0,404.0,406.0,397.0,394.0,312.0,398.0,281.0,333.0,290.0,348.0,303.0,249.0,286.0,264.0,259.0,297.0
38,1,12.404228502153982,11.538539479171066,12.6623003272584,12.925799097375844,12.258516269000939,12.112530567582958,11.737899286842588,12.957711548715041,12.109068330759857,12.283077059717542,12.79235183796006,12.98127057771709,13.052267532098682,11.411739243379968,12.5811892726677,12.244049490129814,12.91339216814961,11.908474775905207,13.226742268434487,12.247763189191172,12.2320616566155,12.201141111034277,11.59097944004685,11.24721252184447,12.467349258686426,12.00906054107518,11.573180573114955,13.00258285625713,11.63190130495792,12.151782056703153,11.480457335704722,11.204604619141554,11.412069508522567,11.276956854488965,11.47712419575654,12.233511833168265,11.08644750401816,11.924937495529461,11.871937732174326,447.0,469.0,312.0,322.0,327.0,427.0,396.0,419.0,429.0,455.0,451.0,497.0,480.0,443.0,437.0,525.0,472.0,479.0,448.0,472.0,513.0,421.0,475.0,428.0,524.0,510.0,502.0,514.0,513.0,503.0,466.0,432.0,470.0,499.0,528.0,520.0,473.0,479.0,484.0,485.0,496.0,476.0,572.0,483.0,505.0,518.0,441.0,463.0,426.0,507.0,444.0,389.0,469.0,361.0,395.0,390.0,397.0,421.0,331.0,326.0,336.0,379.0,371.0,387.0,316.0,315.0,275.0,310.0,255.0,291.0,281.0
39,1,12.334883351454497,12.043035464561909,12.057487631401347,12.157734886014529,12.263317720664379,12.550544232889346,11.819508016198409,13.0799676668195,12.204102752713277,12.49796412287728,11.624585008436831,12.818660994839327,12.473021820534065,12.437052868450735,11.481589615135594,11.807858212317754,11.410050658605858,12.51643616202336,12.903538285819588,11.711814293816,11.955247822291275,12.709754614959497,12.848370490971648,12.493147010259367,12.12791260159444,11.88419788832131,11.37953016795217,12.164840730827658,11.836991979138988,11.217417776336216,11.274479982449424,11.705919500415781,11.40226760437054,11.043698142648376,11.743779865955565,11.18531352689272,10.792845629942526,11.697867330488018,12.199327263497379,401.0,354.0,396.0,382.0,394.0,404.0,401.0,417.0,330.0,454.0,433.0,398.0,462.0,434.0,419.0,473.0,488.0,554.0,404.0,500.0,557.0,520.0,482.0,454.0,442.0,474.0,535.0,465.0,463.0,472.0,492.0,511.0,473.0,500.0,429.0,530.0,542.0,455.0,449.0,516.0,465.0,491.0,447.0,507.0,527.0,461.0,474.0,454.0,424.0,463.0,419.0,459.0,338.0,420.0,404.0,317.0,364.0,384.0,357.0,351.0,308.0,331.0,349.0,320.0,319.0,275.0,304.0,294.0,267.0,230.0,253.0
40,1,11.909768861035234,12.811687173346806,12.71554567510837,12.254116807133322,12.944050913054442,11.932277281554175,12.853724386208283,12.369489980510792,12.474210103335462,11.31121230006293,11.65823481578963,10.616588026652204,11.705043025480096,11.660368711768456,12.792470540478424,12.576560058490385,13.260339660657714,12.396130218663384,12.193025887185838,12.188537726724839,11.776834273300459,12.117310780409804,11.58171186963465,12.565509140731272,11.937594909567737,11.918860118688892,11.255226667165482,12.280956643243776,13.327181707366584,11.79494886758902,11.850434690791863,13.19297295890651,11.18930837194464,11.750229744685083,11.32752586692584,11.080464766847676,11.827646144979166,12.04467235305801,11.324442993728736,425.0,393.0,305.0,425.0,397.0,355.0,419.0,388.0,416.0,481.0,451.0,460.0,385.0,397.0,499.0,513.0,451.0,556.0,472.0,552.0,512.0,463.0,563.0,533.0,479.0,503.0,494.0,499.0,547.0,475.0,499.0,533.0,613.0,471.0,497.0,502.0,471.0,538.0,474.0,449.0,491.0,460.0,454.0,484.0,461.0,431.0,359.0,510.0,504.0,444.0,409.0,317.0,399.0,386.0,320.0,325.0,354.0,412.0,320.0,396.0,369.0,289.0,430.0,317.0,404.0,285.0,302.0,285.0,290.0,253.0,297.0
41,1,11.628383702601905,11.730792997114051,11.988741652184563,12.030814899915232,12.064720983089167,13.058255867996577,11.41188027651336,11.892149636192354,12.244637131740818,11.908835498976357,12.473502360807599,12.13935299205331,11.567486833090882,12.92581599183557,12.368683898579144,12.116542762769692,11.763204914534384,11.974404692551717,11.930250508044418,11.395833465344262,12.09903271937474,12.638322265356136,11.519815637200054,11.338821925631006,12.396603023814857,12.009829454217266,11.712802423210315,11.753139582026721,11.77619392001964,12.663926708823102,10.324862813144069,11.495981082444427,11.437138510246522,11.481229026650102,12.345521616460687,11.637533421205168,11.363993869618183,11.077857511388423,11.078205026450078,358.0,341.0,370.0,407.0,361.0,402.0,481.0,422.0,424.0,399.0,522.0,481.0,424.0,540.0,442.0,485.0,511.0,471.0,558.0,503.0,415.0,529.0,508.0,503.0,495.0,515.0,603.0,485.0,468.0,529.0,534.0,481.0,478.0,530.0,551.0,566.0,428.0,474.0,490.0,469.0,548.0,478.0,499.0,461.0,477.0,496.0,505.0,476.0,463.0,449.0,482.0,442.0,434.0,376.0,373.0,401.0,332.0,312.0,352.0,317.0,308.0,273.0,321.0,295.0,248.0,296.0,251.0,274.0,231.0,242.0,213.0
42,1,11.560680395185567,12.708759824783918,12.938718256094651,11.534623521494346,12.450384657308746,11.31829627165907,10.969176329685142,12.15298754586646,12.339220036526571,12.565784451939937,12.863953394423723,12.804785969862484,12.275502313778917,12.860212048326106,12.08906311711722,12.700957182437453,12.791102649156112,12.304838355494773,12.338662165868385,12.748759223041702,13.343286977861652,12.893604974018679,12.54388387842455,12.411850300667759,12.517435794693538,12.123940479927018,11.650900970005624,11.391232589395063,11.53653400528912,11.093630969818408,12.226812431795697,11.300248320112813,11.194453338872654,11.559565879767796,12.132774363605124,11.273815522137383,11.472828699363856,12.224455126035673,11.203855234528552,545.0,401.0,357.0,374.0,459.0,406.0,339.0,362.0,454.0,413.0,484.0,474.0,526.0,512.0,443.0,505.0,515.0,450.0,504.0,466.0,531.0,513.0,550.0,462.0,532.0,506.0,473.0,515.0,451.0,520.0,514.0,508.0,505.0,447.0,559.0,497.0,486.0,421.0,508.0,498.0,442.0,553.0,484.0,468.0,449.0,497.0,462.0,499.0,505.0,477.0,412.0,437.0,442.0,405.0,445.0,368.0,368.0,451.0,382.0,391.0,383.0,381.0,367.0,386.0,374.0,313.0,272.0,290.0,321.0,287.0,225.0
43,1,11.65252604562757,12.28692288749128,11.945838197063095,13.650949273981645,12.009203763440182,12.410636515377435,12.672335499739228,11.81240802218661,12.611732502287845,12.591842414751532,12.41594050295781,12.980041422790094,11.537030828818166,11.60510004822831,12.755068698633998,12.535238907062483,12.25628989402789,12.09615181939689,11.618871105677778,11.58609273645325,11.600936616420368,12.628103655305257,12.10319757563538,11.316366331294962,12.053922483663142,12.486378596260472,11.787643206183406,12.116230209837777,11.995799719192034,11.99649317453833,11.690582603609183,11.621568346093103,11.488061884939725,11.629301767216312,10.181661953813915,11.4589111659966,11.395499114658545,11.939339063015932,11.148260303610583,383.0,433.0,413.0,462.0,408.0,429.0,444.0,420.0,434.0,498.0,438.0,534.0,540.0,552.0,501.0,509.0,450.0,509.0,486.0,520.0,501.0,489.0,558.0,537.0,504.0,539.0,451.0,514.0,494.0,519.0,449.0,648.0,559.0,557.0,469.0,472.0,541.0,513.0,441.0,480.0,412.0,550.0,549.0,463.0,513.0,468.0,430.0,492.0,518.0,433.0,340.0,525.0,406.0,374.0,409.0,383.0,327.0,332.0,314.0,309.0,336.0,299.0,298.0,258.0,348.0,302.0,368.0,294.0,315.0,275.0,251.0
44,1,11.591443617646924,11.856705673634643,12.460001280534328,11.894830946655604,11.57693471351133,12.22546896605865,11.803159167206587,11.790568314155292,11.977945471665837,13.39124874490796,11.820841784740823,12.562408576601895,11.515005512604024,12.034981450469868,11.985417523951071,12.188407096501205,12.10650174195639,11.86783068645754,11.464115860333896,12.350017256030728,11.524475055767484,11.296525245731598,11.610469309894246,12.121027359774894,11.753612719852532,12.226069497926414,12.018608450101157,12.253876017597362,11.80423942966269,11.220550426144623,11.78614576918577,11.434755683688426,10.942680334956886,11.823442280291296,11.57390907415887,11.031783384821042,12.098242517765641,11.216221792129005,11.279364791398992,378.0,363.0,415.0,414.0,419.0,451.0,402.0,445.0,442.0,424.0,512.0,496.0,487.0,449.0,540.0,449.0,521.0,567.0,485.0,568.0,555.0,517.0,508.0,440.0,493.0,539.0,572.0,526.0,558.0,468.0,539.0,511.0,500.0,562.0,458.0,532.0,508.0,513.0,496.0,482.0,532.0,458.0,499.0,514.0,430.0,366.0,432.0,394.0,412.0,418.0,400.0,443.0,419.0,416.0,455.0,320.0,338.0,373.0,303.0,407.0,306.0,309.0,306.0,291.0,344.0,283.0,260.0,268.0,267.0,243.0,265.0
45,1,11.420004514844031,12.038530120578613,11.277653424559764,12.079143327118343,11.810286640218179,12.520541100767263,13.00248493443671,12.732100157538637,12.3190196674667,11.848079759623886,12.559709563774712,12.617841010618283,12.137498615537888,11.850325464869778,11.960157414647032,11.51072915034317,12.434860548337259,12.385681095613101,11.538091373307173,12.544874955128176,11.966196062318302,12.371076618329125,12.050714507215842,12.30762252582673,11.852634434133897,12.030290215415926,11.506329957843777,12.34185644608411,11.530481798460418,11.772760782647559,11.13287147836049,10.78798862376541,12.435471235942327,11.490071097845892,10.773873671782063,11.58174159528895,11.835353872341496,11.66387082955297,10.552261031391145,336.0,387.0,376.0,421.0,401.0,403.0,500.0,468.0,386.0,466.0,470.0,448.0,450.0,366.0,347.0,553.0,524.0,497.0,538.0,482.0,424.0,531.0,471.0,497.0,526.0,569.0,506.0,513.0,603.0,511.0,618.0,582.0,510.0,493.0,520.0,495.0,509.0,480.0,550.0,486.0,487.0,510.0,473.0,486.0,429.0,553.0,472.0,486.0,480.0,500.0,406.0,408.0,416.0,441.0,431.0,329.0,438.0,400.0,367.0,381.0,372.0,319.0,324.0,371.0,327.0,327.0,305.0,282.0,312.0,277.0,295.0
46,1,11.324506757462856,11.760312189617279,13.133062481380144,11.998466960053557,13.076294270155032,11.158195261062001,12.76218613538862,12.164619928367282,12.783659551200259,12.160266284507758,12.80203734648423,12.70887182722483,11.87439258848659,12.427773687780245,13.27767040159801,11.953282094796375,12.665004126750091,12.862890919012978,12.549262116168373,12.181223308126604,12.28684001596257,11.919488462102528,12.031736177841413,12.607298281833918,11.737643199933075,11.784263921757237,11.102811280252753,11.88095123345199,11.530716056404021,11.379390419246299,11.931955236569898,11.823209840540065,11.616754814832948,12.498411319513686,11.452830544932283,10.319174971612592,11.46604995591675,12.40108047426225,11.855033409852053,423.0,444.0,448.0,387.0,426.0,482.0,388.0,481.0,414.0,465.0,460.0,491.0,441.0,540.0,493.0,454.0,503.0,537.0,607.0,494.0,566.0,508.0,556.0,439.0,533.0,514.0,557.0,540.0,509.0,536.0,505.0,539.0,518.0,460.0,550.0,462.0,443.0,471.0,442.0,546.0,558.0,410.0,525.0,475.0,492.0,407.0,418.0,432.0,481.0,452.0,371.0,402.0,433.0,368.0,393.0,431.0,402.0,392.0,379.0,360.0,383.0,304.0,317.0,325.0,344.0,339.0,280.0,271.0,291.0,299.0,275.0
47,1,11.747037448937055,12.723538044901423,12.32203179184832,12.117383735657526,11.355490925552195,12.105270764335993,12.867986583919198,11.499922363671395,12.96794890339947,12.59839133881865,12.127871789676787,11.85976827396045,12.922285527309894,12.064932840535267,12.456887900275618,12.312966816065769,11.970472589204752,12.480749315738096,11.602422697537238,12.268527834085475,12.790735195290209,12.083990589436315,12.644215036371419,12.00264376508645,12.19786226465645,12.360289190300971,11.406534573423338,12.34463681869469,12.13394792061062,11.670329636444947,11.576482623197004,11.851990964499624,12.143286950251033,11.556506332537069,10.826657641069183,11.307873769540969,11.341334533296804,11.923460762498749,12.880588414046757,407.0,374.0,388.0,356.0,359.0,399.0,483.0,430.0,413.0,464.0,457.0,452.0,430.0,455.0,455.0,471.0,403.0,435.0,387.0,451.0,455.0,478.0,527.0,469.0,471.0,489.0,607.0,652.0,524.0,535.0,472.0,461.0,450.0,521.0,546.0,540.0,501.0,483.0,472.0,464.0,498.0,463.0,486.0,468.0,479.0,466.0,468.0,444.0,417.0,427.0,422.0,391.0,451.0,386.0,475.0,403.0,316.0,425.0,393.0,355.0,347.0,325.0,379.0,342.0,360.0,330.0,335.0,320.0,261.0,267.0,287.0
48,1,11.218568509085324,12.75003165362701,12.121121208897817,12.301651695025567,12.617932934713913,11.956597168801112,12.022332504153926,12.138917336949328,11.6422476259213,11.524424493969274,12.25140313744424,12.465714171818357,11.995523184697895,12.077614894938893,11.906208170201761,12.30189776821421,12.134003362707002,13.022651605948141,11.468686824154723,12.50706157661751,13.706518386736425,11.49436112501367,12.362683232647308,12.69309812917555,11.770113622022576,12.051568468659815,12.214930308993543,12.20064193218553,11.616184032560867,10.924008257373119,11.328358362562508,12.358790484311676,11.91249722194471,12.159421733678304,10.489668438947932,11.795569802226801,11.043286799271609,11.116793618913373,11.671178832383275,503.0,390.0,379.0,322.0,422.0,402.0,300.0,412.0,399.0,416.0,435.0,416.0,439.0,463.0,517.0,437.0,444.0,503.0,462.0,449.0,580.0,496.0,510.0,509.0,529.0,523.0,554.0,514.0,468.0,491.0,545.0,424.0,468.0,530.0,500.0,504.0,530.0,468.0,421.0,543.0,514.0,435.0,416.0,481.0,468.0,449.0,542.0,362.0,478.0,433.0,353.0,384.0,460.0,383.0,370.0,339.0,390.0,349.0,391.0,365.0,350.0,416.0,267.0,349.0,304.0,280.0,357.0,333.0,288.0,313.0,267.0
49,1,11.914362910615663,12.762480502542852,11.758884143472265,12.438530222234313,12.414907297067634,12.791796125813956,12.373238760071096,12.3944707214009,12.678185510787284,11.934767826359275,12.376384537592918,12.244730531804121,12.75491332680488,12.819125690544384,12.184922125658169,12.495272102982664,12.584362166619426,12.379004562504205,11.714787281589452,12.247859303503565,12.65144981624669,11.969643748565751,12.133921887291578,12.120701069070995,12.629347342210316,12.11920705390732,10.676840330540067,11.78644830507704,11.108581486950177,11.62302974579236,11.958498341925855,10.879683546160011,11.047738620101342,11.364902030550423,11.418677126193755,11.084761471345614,11.20502868618758,11.760279111943284,11.129837403778572,355.0,377.0,372.0,361.0,422.0,416.0,436.0,441.0,407.0,460.0,473.0,516.0,470.0,503.0,561.0,421.0,499.0,523.0,546.0,438.0,521.0,496.0,485.0,507.0,524.0,516.0,507.0,545.0,544.0,552.0,512.0,579.0,516.0,452.0,534.0,481.0,441.0,500.0,508.0,508.0,531.0,505.0,554.0,494.0,441.0,504.0,457.0,529.0,447.0,476.0,458.0,441.0,392.0,434.0,365.0,331.0,393.0,384.0,359.0,371.0,353.0,274.0,367.0,368.0,279.0,261.0,304.0,285.0,287.0,286.0,298.0
50,1,11.77713792899868,11.813478415640413,12.088711831831914,12.99421465162874,12.74727963035164,12.166994523274068,12.768930227406342,11.462210944636032,12.579110494060439,12.55008729056907,11.709090684739715,11.525686839825822,11.36715001944654,12.724696706111791,11.970826504491722,13.152390021374853,12.113298986930026,12.543195873391182,12.22144696636747,12.355284537815585,12.648142978691126,11.687326616431282,11.625865000238473,11.961263661317394,11.656766587531688,11.620809438325294,12.266932416521364,12.098619565351429,11.971909052163397,11.321258673400324,11.935645852469147,13.231887983139629,12.917012152191482,12.502178436483007,11.300284755533916,12.286151542720292,10.980874250771299,11.182739221468042,9.801866054887439,383.0,401.0,435.0,355.0,300.0,421.0,424.0,370.0,465.0,402.0,435.0,503.0,498.0,474.0,448.0,460.0,454.0,526.0,506.0,484.0,481.0,475.0,473.0,461.0,541.0,465.0,479.0,497.0,498.0,503.0,485.0,505.0,484.0,447.0,471.0,503.0,508.0,552.0,528.0,617.0,453.0,456.0,461.0,423.0,473.0,407.0,402.0,466.0,330.0,494.0,379.0,369.0,380.0,435.0,360.0,356.0,442.0,327.0,328.0,307.0,323.0,305.0,320.0,261.0,296.0,273.0,289.0,255.0,252.0,275.0,286.0
