iteration,chain,E_init_non_centered,I_init_non_centered,H_init_non_centered,gamma_non_centered,nu_non_centered,epsilon_non_centered,rho_gene_non_centered,sigma_ww_non_centered,sigma_hosp_non_centered,Rt_params_non_centered[1],Rt_params_non_centered[2],Rt_params_non_centered[3],Rt_params_non_centered[4],Rt_params_non_centered[5],Rt_params_non_centered[6],Rt_params_non_centered[7],Rt_params_non_centered[8],Rt_params_non_centered[9],Rt_params_non_centered[10],Rt_params_non_centered[11],Rt_params_non_centered[12],w_params_non_centered[1],w_params_non_centered[2],w_params_non_centered[3],w_params_non_centered[4],w_params_non_centered[5],w_params_non_centered[6],w_params_non_centered[7],w_params_non_centered[8],w_params_non_centered[9],w_params_non_centered[10],w_params_non_centered[11],w_params_non_centered[12],lp,n_steps,is_accept,acceptance_rate,log_density,hamiltonian_energy,hamiltonian_energy_error,max_hamiltonian_energy_error,tree_depth,numerical_error,step_size,nom_step_size
26,1,1.4513358464855675,0.29410897793103,1.2167966218275654,0.6368211750588432,-0.5120699723781322,-0.35881504392617714,5.043699902014349,2.6548619096009802,1.9450133813035901,0.12240808270343559,0.652523746082861,-0.8943132549692284,0.07260922800458738,-1.6347881909760158,-2.124811787821253,-0.6936995856263234,-0.3034306413361415,-1.7049760020162068,-1.116933617741488,0.5241704118160335,1.1593389740748352,1.1415858476105487,3.983816700851312,-0.3360013218917456,-1.0179422200728683,1.4580841521135905,0.29580653823836,-0.6622769179568945,-0.05425191084309712,-0.4575869200206216,0.8355977710803008,1.933345053780796,0.6731181530448486,-430.7879876360722,127.0,1.0,0.888430116217882,-430.7879876360722,440.6802779462737,0.026930636257873175,0.281611945843963,7.0,0.0,0.022158898705713265,0.022158898705713265
27,1,0.04924439888633323,2.886920239709878,0.3778392046561049,1.2436266153482867,-0.13962415824310662,0.4994769559174489,5.276604280646071,2.8635732799114435,1.6125830075949765,-0.597910007407967,-0.46601617160997766,-0.24270757102409823,-1.9191740171971006,0.7718627921110408,0.44170737083134004,-0.4264419606672321,-3.3450276784917587,-1.845476235201051,-0.9417282013790149,1.5532431983612955,-0.823612502016587,0.7340261435966283,4.26820659517296,0.5576915657573537,1.320819736648676,0.6244887709307553,1.792679978839038,-0.5336067858349711,0.731227797977705,0.7465858906329006,-1.461316782257919,0.1512713921202356,0.59969330277198,-437.2227139371544,127.0,1.0,0.9309853989762504,-437.2227139371544,450.4012698338659,0.14044430295581378,0.19385815808851703,7.0,0.0,0.022158898705713265,0.022158898705713265
28,1,0.8317220152484496,0.4687344678226648,0.8127658971203564,1.5299488465560114,0.6390843636489206,0.336924004827308,5.242414408405772,2.9878843193815796,1.140274677234594,1.152211803260956,-0.13608314972726485,0.6366279339722332,-2.0729011735620113,-0.30263983157250085,1.1148827798924248,-1.1325182150005886,-2.2831381338199437,-2.2381005157903475,-0.21446665822762173,0.797450320683934,-0.9781718841760287,1.3502878577893267,4.162540748097147,1.181879365819885,1.691765707100142,1.0070536844546325,0.5798891303334376,0.006538992621243096,0.8269622194489613,1.1105579990285268,-1.3180626751464821,-0.9186476173363558,0.9181053669379371,-433.1811312645068,127.0,1.0,0.9197448432647524,-433.1811312645068,452.1544459170896,0.17044959188956454,0.4311106393478781,7.0,0.0,0.022158898705713265,0.022158898705713265
29,1,2.2974880230636834,1.1750092464610566,1.0784628509802845,-1.3799633894353132,-0.1489884162960359,-0.3523099858714035,5.03748406405338,1.6736522573892783,1.8494469447426145,0.30502176871938547,-0.35828859419694903,-0.8894509840245793,1.7457038508446472,-0.746539385653403,-2.729141554128392,-0.3479477482143071,-0.6361846396897363,-1.080055242891475,-1.6803411584281824,-1.1447719402456107,0.6555056760787911,-0.8295263704935183,3.7776259091213396,-0.9334768143759915,-0.7215550791297136,0.14565202560773427,0.21810031121443557,0.6425555303813683,0.13097702564700095,-1.0249113910462977,0.7098154806502232,0.4140564671897301,-1.198979111582262,-431.0819333870217,255.0,1.0,0.9174988026317064,-431.0819333870217,448.33759880228695,-0.05851354150615862,0.5297794468923485,8.0,0.0,0.022158898705713265,0.022158898705713265
30,1,1.546287529819742,0.9111239612785936,0.8760116250765808,0.9264810644763775,-0.329787684470424,1.0075292446922552,5.143282379047151,3.320020212213176,1.6170036905953635,1.9935228370714666,-0.8749540943204616,1.395650390042395,-0.8016769663008543,-1.4190933669240355,1.3547466838516815,-0.3700209034281535,-2.974559997387394,-0.9304321459595067,0.050191141603318536,-0.8318496785099646,-0.8030352168900157,-0.143620242972382,4.008968231941384,0.03289686358562842,0.07892889484294531,1.2111147717086186,-1.3583707970844654,-1.2492242433245586,-0.5352993603550722,-0.10304856901439652,-2.3341001025994452,-0.5725310018629117,1.064781110860164,-433.09085164382924,255.0,1.0,0.9999161394755811,-433.09085164382924,447.92359067881813,-0.2815465468403886,-0.3151821653264619,8.0,0.0,0.022158898705713265,0.022158898705713265
31,1,2.2765693978216937,0.6145019415454229,1.1251617761891415,-0.902517469835973,0.58239448105351,-1.0361348625465951,5.050545565638924,1.3664795781402683,1.8626231101870432,0.3295883663684024,0.8236260325007047,-1.8477402476918192,-0.06841544510420311,-1.045264440689848,-2.1303121603979207,-1.3294077823232053,1.02208591207571,-1.830477474348415,-1.0228014760305213,0.16822566401085035,0.6505384064708968,0.12201269608051481,3.750981236460946,-0.4045263312928085,1.0259530298131936,0.3145327352465569,0.6651708666525133,1.6871588689481645,0.25280833950888504,0.703831774149187,0.9266961216762463,-0.09384620450126971,-0.4564202404258201,-429.5869360858307,127.0,1.0,0.9047642463307458,-429.5869360858307,443.9916096811619,0.42332375697611724,0.4531754555272869,7.0,0.0,0.022158898705713265,0.022158898705713265
32,1,1.7350467060690142,-0.048353632400822716,1.1772824277943112,-0.3237328431195582,1.1453142031477885,-0.3234258097354036,5.10048166318738,0.3659275480940268,2.2131188697435893,0.8399467092933247,1.057274323609031,-1.4674740724789077,-0.5420049583963307,-0.9402889338926412,-1.9330117182994895,-0.876615862021028,0.2766052315636524,-1.8504815857570605,-1.8023936838616303,0.4758111318960298,0.9063732360515334,0.04354893059709143,3.8689503392719997,0.41857128229140417,0.2975083471510773,0.40089121984571785,0.1333233672154507,1.9211655346662304,-0.5997368757548077,0.3037101176456599,1.733996330491214,0.3667369673850036,-1.740998700672366,-434.0320776036067,255.0,1.0,0.8871958108400038,-434.0320776036067,452.9215373365431,0.4878782507104802,0.6800919828968404,7.0,0.0,0.022158898705713265,0.022158898705713265
33,1,2.0628858273351787,0.49860029216358065,1.1544459696311542,0.06627639174748108,-0.8492061322997249,1.681250645334425,5.179582029194159,3.6470723537942282,1.3326873605353495,0.7401939788212487,-1.0856216906340688,0.7397854669729861,-0.1307398948971858,-0.5846589673546349,0.7104912078491127,-1.1545803195654654,-2.7016526247353654,-1.983036395145557,0.9988845945522514,0.6419639100125278,-0.4141307599736475,0.8442019051546334,4.036243147240667,-0.3273749899845905,-0.5517234653740519,1.1224239579240376,0.17272715850924206,0.10714413787772067,0.27478720580351507,0.3968470082709106,-1.8127739463376722,0.7904783353643275,2.0115110616846787,-433.14905036753674,127.0,1.0,0.9603130265964614,-433.14905036753674,457.1171274305378,-0.49674177891660065,-0.848742725686634,7.0,0.0,0.022158898705713265,0.022158898705713265
34,1,0.1268073561613536,2.2463925533754505,0.7818631920949778,-0.47773758648271203,1.2014027182550215,-1.40522591848424,5.295828614290492,1.5585481840421296,1.956680466256075,0.7365342582150273,1.8011277636560246,-2.004868384377664,-0.44454761598751785,-1.0034072339689197,-2.2186916253554263,-1.8235331146044618,-0.5676625616090473,-0.1414074869335879,-2.0535029288835327,-1.1741316763685175,0.28132941609606854,0.5344465942115856,3.8825185192678595,1.3020311180732758,1.1856104040144602,0.2602654207721986,-1.744432663164779,0.9629123649164311,0.46842401170528325,1.3983710271601397,1.793402899743948,-0.08209813404912206,-0.4747200988680654,-437.51265600955475,255.0,1.0,0.8864178481770456,-437.51265600955475,453.69643011887024,0.2557414308212742,0.33290896569991446,8.0,0.0,0.022158898705713265,0.022158898705713265
35,1,0.32282163824988186,1.2926198185937001,0.9769076872158478,-0.7028316915639321,0.4667855432682445,-0.9939936878879588,5.205553831170844,1.3700730893175799,1.7598445564767604,0.0027885894778761564,1.4458527758055815,-2.6703423699616926,-0.31543016502906196,-0.9076474618952528,-1.7171177144707033,-1.5311607092042812,-0.6576134617809136,-0.8156063074233021,-1.6155535681292645,0.9366495506583032,0.8691826659907527,0.5050280508076515,4.131658573212978,1.3602879762516507,-0.04624169502646219,-0.24626771348820767,-1.2177204530826329,0.8540725900263273,0.5563244113793147,0.9820818335687471,1.284085604563536,0.17757136220756106,-1.8474741553063905,-434.7054538245373,127.0,1.0,0.9858928355958445,-434.7054538245373,450.2265682367272,-0.03842065990232868,0.10539298536076558,7.0,0.0,0.022158898705713265,0.022158898705713265
36,1,0.3772048093004088,0.9270354480856687,0.4305633526618754,-1.0299630695046085,-0.5198907467892839,-0.563493430633331,5.480855082801429,1.531092028571694,0.898542916846178,0.22062995373799305,0.5498992907943308,-1.2767898284040655,-0.7089017065396904,-1.0311486742524356,-0.9914553260433778,-1.3789792020152631,-0.6464454544117156,-1.0986444774543194,-0.9796892279926808,0.17018693245093897,0.3877609877760206,0.038327596452799276,4.424189383146056,0.9014827492959819,-0.04488870667642436,-0.01654751376177785,-0.6102973923098597,1.3252009809982606,0.43567839270055086,0.5512074148996929,1.239379087744153,0.3260145083466787,-1.9635750741097084,-430.5253782969917,127.0,1.0,0.7023281495738835,-430.5253782969917,442.1077307033734,0.5496185858768285,0.7148202273092465,7.0,0.0,0.022158898705713265,0.022158898705713265
37,1,1.9610007405309244,1.1880557457118397,1.1462513434825952,-0.10434534407715568,0.5307819581840765,-0.3814403296122191,4.988010235818071,2.0054453757591273,1.0564576651456032,0.3214356434647819,-0.6797245919260428,0.11881337029439551,-0.36315977717929676,0.2610683693294807,-0.23082893904841886,-1.9327959698805777,-2.4262845472012384,-0.3402736880342589,-0.25852910120340233,-0.5222907558395572,-0.43910329936302156,-0.43587733610892543,3.858296521681667,0.21072374857575976,1.344037525980388,2.0905140829858726,1.3249522175636708,-0.2817490081442411,-2.400131654995311,2.4410174600392867,0.5400152286714159,0.13385114165114423,-1.9919991969025879,-437.3320504882653,127.0,1.0,0.9534601317346718,-437.3320504882653,449.20713468630333,0.11972173338563152,-0.9387733817002868,7.0,0.0,0.022158898705713265,0.022158898705713265
38,1,1.1212604911316946,0.574026459833141,0.8672386014124843,-1.3334567599239013,-0.4435029725674502,-0.4958351552483477,5.183674944302639,1.3921157158893673,1.4177427968894747,0.9640582214765824,-0.035157673490052346,-0.9448522138111995,-0.8475636456487904,0.19898273299777228,0.06640148239573057,-0.8649691215878053,-2.040616407126429,-1.0001705882879877,-0.42661078152018356,1.2796268965717814,0.4117663456602506,0.8260460924703807,4.208188422715891,0.27032470421144156,1.5014541509213908,2.0828274039746666,0.2443471482217486,-0.6544625726249195,-0.09933465102021236,2.3120871851636893,1.0805295922071263,0.31769538706374917,-0.426004237946948,-431.33892119952435,127.0,1.0,0.8229008883321591,-431.33892119952435,448.86066263390194,-0.34135437510747124,0.9691502306934581,7.0,0.0,0.022158898705713265,0.022158898705713265
39,1,1.7892948553867671,1.5388911015155022,1.1968069433400745,-0.46271703865873126,-0.5997768445958367,-0.9283971032248535,5.054452409843124,2.4939054050751617,1.167693721162005,0.8373958685601001,0.1882593779779212,-0.4735118794760873,-0.9520380093571174,-0.2791076732053144,-0.31180509162753295,0.11170083951505952,-3.0889266354353526,-1.8578956396331514,-0.7671894197539592,0.5049218000855245,-0.1697748102243803,-1.5961132176401918,3.8165213504360374,-0.18841102056833356,1.6430722023139948,1.1128893090793905,0.3514112951797164,-0.34795130881572284,-1.577121168660469,2.6133353292610813,-0.3198763493251418,0.04480791798007762,0.1355666519576506,-432.0127697354128,127.0,1.0,0.9799423015271305,-432.0127697354128,443.52088130868515,0.029632056807542995,-0.30254125640783514,7.0,0.0,0.022158898705713265,0.022158898705713265
40,1,0.6238716655974726,1.320189391749341,0.8707998349997208,0.9853735656743297,-0.31521885128381066,-0.7489570194416237,5.1559486506591865,2.3970371361321283,1.6780401256363349,0.8853677125053061,1.060690751659122,-1.2495405324691558,-1.2280671980977682,0.16326118613646684,-3.168102261447826,0.9065729240548484,-1.4283117920591335,-0.1671858697651027,-0.29238517610369097,-2.1463343688328704,-0.49111787381893046,1.5130400820195344,4.183731687552272,-0.6247220356535675,0.5119724084829639,-1.296628759888131,-0.3336490655097034,-1.1567120269115627,2.1796826812066827,0.08481989199809106,-2.096773095425567,1.960799658592191,1.521478938151694,-441.33880855187897,127.0,1.0,0.9991319606855728,-441.33880855187897,455.7198183557622,-0.30192085732403484,-0.46265640961803456,7.0,0.0,0.022158898705713265,0.022158898705713265
41,1,2.622398774593219,2.0818450994098363,0.9730057330852733,-0.6117829579882468,-0.15254211942097343,0.3672626573610621,4.942875986631068,2.4737083219767584,1.6339470027064649,0.3458246591763256,-0.204069498527812,-0.982537999652458,0.09429067880659685,-0.9309985018775355,0.08720400182636641,-1.2644280135785402,-0.6589634578183241,-2.1634102550688175,-1.3277987468097046,0.8756033014276603,0.5780172392137615,0.4183737130964731,3.666168308908329,0.28915866250855105,1.3486894444223816,0.737037754628771,1.6240932774250332,-0.09257283385278689,-1.279608422711253,0.0712294568012539,0.8613761251028995,-1.0292361497176268,-0.611273647138468,-427.0340070018926,127.0,1.0,0.9192987119347299,-427.0340070018926,453.835443622869,0.244004251455749,0.3167610869483042,7.0,0.0,0.022158898705713265,0.022158898705713265
42,1,2.685891153211257,1.6132501616130293,0.6665164266814086,-0.22588224248257965,-0.13583510038529334,-0.5697250138341782,4.968088940974985,2.6472970471531942,1.8867831267856812,0.6197874630124599,-0.15775363035589138,-1.3629248965121727,-0.1985619110801181,-0.924445050619535,1.0079716563408072,-0.7138688521373742,-0.7262583759654873,-2.5716894595874153,-1.4548707397306309,0.6571831806981313,0.12322359597046587,1.285614252253308,3.690328536612975,0.282588497837251,1.4449462004860287,0.8097240273193036,2.1415075135236528,-0.37322140192066633,-1.6147877298918667,0.6334062545992376,0.5973520653726136,0.12253864455587234,-0.727156910340245,-433.2059029833187,127.0,1.0,0.42063559312968285,-433.2059029833187,446.4218442097304,0.9753442957142511,2.6388530594774693,7.0,0.0,0.022158898705713265,0.022158898705713265
43,1,2.0526732104333845,2.1580524541660786,0.740169079209133,-0.5917303035073554,-0.40237890822605976,-0.3300404439048393,5.059345721584723,3.8237086364072272,2.02048920755426,-0.4950506325410881,-0.5443414959160762,-1.4565292990221832,0.01364094621900494,0.06546659950848582,0.9733331829898159,-1.1218472958738428,-1.7185543795025056,-2.9144033862270833,-1.060206476903254,1.0045685754073226,-0.7407993615474591,0.40508593389860775,3.842025774419842,0.41420059791482267,1.5086248286225863,0.7645127331668274,0.42724916442732297,0.8609222993408562,-0.35808259661033776,0.138204463648348,0.24456647672201934,1.342175658367964,-0.9145555075986697,-437.17096450259277,127.0,1.0,0.890506912960933,-437.17096450259277,456.73291972370237,0.33212537435116474,-1.5652765181685595,7.0,0.0,0.022158898705713265,0.022158898705713265
44,1,2.3924711313938833,2.5055554331417476,0.30473183238472684,-0.578252753820178,0.46144502115471453,-0.04117679878098477,5.040378867333122,4.186538023978308,2.903530948394757,-0.38849945370743544,-0.5491625208465701,-1.542103685979433,-0.07060448400129826,0.06606355388156675,1.2561055679739699,-1.3927665514338696,-1.849257461941466,-2.187498822626102,-1.6935162648444493,0.3251546630153907,-1.3494707628045615,0.9849494798585038,3.676811829417695,1.0407336131993152,0.848868536157702,0.7421345932748635,0.17772770309009203,0.8540947477760924,-0.13476389982520712,-0.23328645296958364,0.19975258397737042,0.3370594805454233,-0.4571759598394257,-437.0389498160496,255.0,1.0,0.7601481811146389,-437.0389498160496,458.21421819945243,-1.7035532690156288,2.901318303812616,7.0,0.0,0.022158898705713265,0.022158898705713265
45,1,1.8301129856035214,1.3263269876475225,1.0958071746165072,-0.5256969958555916,-0.24445899639364363,-1.1904816928004829,5.0971855583818995,1.810245061884177,0.874921047757416,0.405627617470963,0.4857958799792446,-0.7216856664511198,-2.0297958219749357,0.05893234426553194,1.0427519975812278,-2.631864660546123,-1.087805953511906,-2.958141026866583,-0.7603449717484486,-0.4123115109935123,-2.062876947294217,1.0453016768989614,3.780713332303574,0.17282867892891987,0.09123809464252987,0.6717057631725846,1.3687823703170818,-0.09068101482526014,-1.3325020092795035,0.821945631675435,0.2602266186669457,-0.6894491159300836,0.5392109331156009,-434.4620573631495,127.0,1.0,0.9594068355195412,-434.4620573631495,452.0315676311085,0.08303834583477965,-0.37493301641211474,7.0,0.0,0.022158898705713265,0.022158898705713265
46,1,1.4618995717954573,0.566894301051595,0.9021198655982525,-0.13295930038748865,-0.5595521859806863,0.8215680809721183,5.258324748503847,1.8305073066018898,2.442723872002284,-0.2728625142370464,-0.996160935599878,2.157566459094069,-2.337417210965056,-0.1775365621351406,-0.9640978018219429,-1.9860561999365434,0.14019138930850072,0.34874247301282935,-0.6428416078034592,0.19318343954888356,0.6133368376223537,1.6922410097847913,4.16284878641507,-0.182037910115948,-0.10170986938989385,1.0137465314609473,1.1981800102626008,1.3153758945570202,0.9536567013281299,-0.6722142570257137,0.07007331880070014,0.32293134641478854,1.617684984020412,-436.452600517543,255.0,1.0,0.9883672544677364,-436.452600517543,451.9554084434662,0.013901596061145938,-0.467781393403925,7.0,0.0,0.022158898705713265,0.022158898705713265
47,1,3.222333546637826,1.2706227900346585,0.8683311688477557,0.7263735203945407,0.1944291093250626,-0.5548604895098656,4.837790044430196,1.8426627657211032,1.0701679450579593,1.0532558657584588,0.4162913131280617,-0.9666142972433979,-0.960578897158069,0.11086445205294301,-0.46219644046759845,-0.27969487924357117,-2.5051638524592352,-1.8085917505437359,-2.216831724635149,0.9411951405545731,1.1002435222681963,-0.9909872310043474,3.536189479628836,0.4667913556924064,-2.2830610074270434,-0.5332973151048139,-1.0079631020633084,1.003009783607731,0.8073198113777614,-1.0060710576236904,0.8910981506132315,-1.0071051582228419,-0.8600427725618728,-434.0889339296509,255.0,1.0,0.9755754307802842,-434.0889339296509,453.2734027398112,-0.08652183991119955,0.5338357430583187,8.0,0.0,0.022158898705713265,0.022158898705713265
48,1,0.9216585667198116,0.6478747564349913,0.6242430382741673,-0.4602776559154588,0.8957658212074837,-0.7511384860359397,5.3761581869001045,3.693730680644448,0.5276112168584073,2.1236874824478127,0.8780743144545593,-0.3725675811868751,-1.7779457613655707,-1.2758058942176975,0.6637899534966483,0.05301032499824443,-1.878724339151947,-0.2108303551292616,-1.449556851126654,0.381654033143076,0.6768513362720453,-0.6985841673030136,4.1619399562391814,0.6132235578339076,-2.1999661628471876,1.2293685552845601,0.7356065931445546,0.6372420660853968,1.6720948974434826,-1.5403381564445455,-0.1430502389664357,-0.574998540297637,-0.6074985231135744,-435.1452429474557,255.0,1.0,0.5277763219425725,-435.1452429474557,453.29474280622526,0.3078105922611485,1.749386116521805,7.0,0.0,0.022158898705713265,0.022158898705713265
49,1,0.9139687372172449,2.6271578148039447,1.2803555702964509,-0.016261827192506184,-0.10112191286141023,-0.9707752547015577,5.168541560799938,2.3840124509636436,1.6618009004701042,0.6450997252741509,0.9060848400866843,-0.12449846859738042,-0.6696574739153159,-2.332477787259131,-1.2066887053454454,-1.1302911647750293,-1.0457852849942233,-0.839551143017572,-1.2887729741508955,0.6610740052620219,0.8738751849834641,-0.1933901025127877,3.8310238105404792,0.6810893134932309,-1.3297279058073,0.14827974943360386,-0.9852609424829065,-0.5245328310004634,1.388045916383797,-0.4029689784119919,1.287931161299482,-2.1710038157921843,0.0384109477346689,-432.30981440452814,127.0,1.0,0.9213269715482654,-432.30981440452814,448.15251801996067,0.17811543054693857,0.19106942638296687,7.0,0.0,0.022158898705713265,0.022158898705713265
50,1,1.794564479271443,0.36333628684749786,1.205102860908254,0.5508266312645836,0.977529301291016,-0.6014363387318874,5.257050762594635,2.568210746633498,1.6641946754459156,0.8683751817663615,0.528949856892672,-0.6422789413621837,-1.26357589253251,-0.9807783720202328,-0.681575887921194,0.6321489824947073,-1.4244963828740345,-2.01182185235654,-0.5324247668714597,-0.23418245594881484,0.10274395843373975,-1.69210603414622,3.8832942800522208,-0.4292435843817573,1.0918950201753497,0.495283634474856,1.6933228178228523,-0.6536528237767143,1.4167506070211997,-0.37606386611064063,-0.11308362686453081,0.7836332524168108,1.8101831917775433,-429.760385966379,255.0,1.0,0.8073941270467145,-429.760385966379,444.8572430595157,0.06685537952301956,0.5229108896164689,8.0,0.0,0.022158898705713265,0.022158898705713265
51,1,2.42249543377617,0.7515703208331083,1.280715685077365,0.201365962736299,-0.7320883790622196,0.49733337079942996,5.051990844787421,1.691746810036428,1.3231537828364035,2.5913822749067887,0.12887710300263458,0.4400381537033916,-1.5189663894359855,-1.3811905587834814,1.265035688392965,-1.0894800013883044,-0.5936435774089796,-2.199471428536689,-0.5984282530340983,-0.32983664690882875,0.15055987898855416,1.730440676103187,3.720732190578059,-0.8505089732485158,0.07192058076397541,2.286378866959928,1.0508868838307255,1.4118944832963038,0.6886097847209832,-1.4029346628161732,1.0517429517887955,0.5331697785614834,-1.0846956697334846,-432.59079087063077,255.0,1.0,0.9144573162643751,-432.59079087063077,448.07123071175056,0.05740075579473114,0.3786287899422973,7.0,0.0,0.022158898705713265,0.022158898705713265
52,1,2.1753531312939076,1.0395493047476416,1.267463063277458,-1.6590443200393623,-0.5546954164187798,0.9793127178952585,5.043642487977628,3.57398223995845,1.368642486803447,0.595640977666288,-0.40188125216259973,2.0570628454737614,-1.5168178183610133,-1.8145227759505131,-1.643712441175586,0.1437488373420385,-0.46404661724852125,-1.1143053652175994,-0.4088759780482593,-0.6635690900882911,0.5179686006370576,-0.5946555629752714,3.800435011125009,-0.9514393926611912,-0.4387337880621648,0.9871611591529774,-0.1415802221724238,1.1537315496301308,1.4181396086466491,-0.48658462665076113,0.9778120175954875,0.6845068780812089,-1.3583207677431708,-433.26823050717775,127.0,1.0,0.9215175053703469,-433.26823050717775,449.35506563804773,-0.28248025617733674,-0.3644728735110334,7.0,0.0,0.022158898705713265,0.022158898705713265
53,1,2.4223714927356723,0.8662768314777763,1.4199549774223195,-0.06842148643017566,0.7177478732878364,-2.103371288214181,4.9394083514231,1.649980105713326,1.2753850125223631,0.18773077842028957,0.6690238892241938,0.05938094810490039,-1.6484715095662457,-2.6426286663844976,1.6250518327591463,-1.12015892774375,-2.7988375369102183,-1.4524809064928401,-1.1295714294628392,0.6540677864329404,-1.8422156738020388,0.39353108560319555,3.5595932514159556,-1.0508082836605976,0.2868261631737663,1.219197972468724,0.8373020534119627,-0.9754425883742188,0.6342346089737417,0.6348305223184203,-1.8613098849950582,9.598372435821317e-6,1.1932733048345001,-436.86504856278265,255.0,1.0,0.8006159703007381,-436.86504856278265,454.9377698882179,0.06734786748097576,0.4539018261580736,8.0,0.0,0.022158898705713265,0.022158898705713265
54,1,1.3318827478256314,0.3862029209547066,0.24260491450863686,-0.4558793517024788,0.2716921305620294,-1.8318043194686064,5.219277998671344,2.6981444442433697,1.743011709450467,1.0182939009032104,-0.013198108067174247,0.8063816202267041,-1.6028877143833737,-2.91430563197581,1.775879756633852,-0.7569946045736309,-1.427717382032598,-1.3859070339466075,-1.1574155673621238,0.44541249742813993,-1.3627013539855797,1.9753552429702956,4.045004571016972,1.4456771659684222,0.5019105664369937,0.5632985456134637,1.5940390407642397,-1.1290936715814575,0.986811454799485,-0.40350950366465604,-0.7922514495047217,0.12770033263634012,0.5001931441015837,-438.2093454813428,127.0,1.0,0.6766227634689779,-438.2093454813428,456.13400628615045,0.4308042973009947,0.7816927650908383,7.0,0.0,0.022158898705713265,0.022158898705713265
55,1,0.4093020889854297,1.280228354427758,0.32293808265232427,-0.2644146909255348,-0.9806389274683196,-0.03841202793818364,5.285532947346341,1.7932934972185364,1.576350450966863,0.2579130285130166,0.04520516108043185,0.3057102977831305,-0.8224209231864874,-1.086172046859323,-0.31951380519455813,-1.4847149643312474,-3.139417789385387,-0.7833196792969956,-1.2169370673529742,-0.15357613314271834,0.6498514330830543,1.0814527402861882,4.371162447075736,-0.6139668576941517,-0.6085824117782109,1.1313471028505653,-0.662089473545837,0.31938239449658207,1.0016285622659438,0.4416546225507067,-0.019427347042801354,0.8230938001406607,0.699980665990181,-429.9429925172724,255.0,1.0,0.9878762230914303,-429.9429925172724,447.69376518821264,-0.012253505607191073,-0.49469643702093435,7.0,0.0,0.022158898705713265,0.022158898705713265
56,1,1.4137881984848315,0.8361981006484986,0.5661365089792267,0.5357639571596773,-0.011647677524584156,-0.14804489451869754,5.112262790435517,1.7958909195053778,0.7661314109462052,1.962668907988734,-0.7140339583015759,-0.45768167163049855,0.5025973692719021,-0.28540051953264467,-1.5324650091432312,0.6171246990817278,0.23732950299850425,-2.1466938953919494,-0.9924069158913387,-0.2118513535854954,-0.5997613086327269,-1.2638515188744996,4.1759226357603865,1.3397305546897944,0.8426024307178914,0.2726503482228694,0.2590144348302026,0.3434716498516434,0.7203951600789363,0.2834456818957755,-0.3514146489354197,-1.6116167984631182,-0.37783269908673245,-431.5591192456254,255.0,1.0,0.8521649044699572,-431.5591192456254,443.8428784310893,0.220043505395779,1.1040082499978894,8.0,0.0,0.022158898705713265,0.022158898705713265
57,1,1.0814698919882877,0.9832321856671697,1.344839467751393,0.7446976964069933,0.6635611542067434,0.3529040662696335,5.26303601918588,2.2131678258537724,1.8004047541003962,1.8629516315908403,-0.06269398283623094,-0.6037887726524994,0.930807257332745,-0.08347836406979191,-2.601384683560463,-0.8860131505303894,0.44095104851056816,-2.428160238118092,-0.4215193727013142,-0.14220646554646424,0.7967309391729854,-0.9533964472070677,3.978713490599041,1.1326709360538343,-0.28326660197916453,2.0531414005396558,0.4962300331196757,-0.8687613435389409,0.7337822866987537,1.37443364848495,-0.9476106597079046,-1.796219018813934,0.7208417195785578,-435.43272174771914,127.0,1.0,0.8661558340554634,-435.43272174771914,446.2996307069142,0.07165499101927253,0.7627336200545756,7.0,0.0,0.022158898705713265,0.022158898705713265
58,1,0.48898210578903495,0.07846631805097722,0.9329290606651024,-0.9752643305540423,0.6541139746885959,-0.5367825623759532,5.406680380081867,2.3914750981589705,1.7164401710493407,0.5144109288823109,0.26821301869599296,0.04434385820630711,-0.26522724057918506,-1.6020360610017972,-1.106555129240248,-1.9375629171745334,-0.5534691234781467,-1.408960635909827,-0.5168476697720752,-1.5746096203303597,0.23961974901537758,-0.11139678781638504,4.307091739578331,0.39993870956604655,0.47981853012568904,-0.3990077537726483,-0.4842961994377564,1.6169368320165132,1.0343577157671238,-1.4370300677130452,0.9863902328203334,1.6147611283355296,-1.163031793171459,-430.2057934725452,255.0,1.0,0.9857324177747169,-430.2057934725452,445.6946585364373,-0.18970059765416636,-0.660291042201834,8.0,0.0,0.022158898705713265,0.022158898705713265
59,1,0.48910043767296923,0.199333143175398,1.086642834524249,-0.7007914766232246,0.6804058202642238,-0.356345088089281,5.123868442532003,1.9669809338942323,2.513300666286208,-0.022766123605712573,0.30804177149822304,0.19383418485759588,-1.1694581632091603,-1.8423659102063945,-0.7657336104845102,-0.25834954099270807,-1.4953956190154143,-1.2521363673768555,-1.0798724703425617,-0.6615671030876654,-0.6035189492121213,0.38955813862025446,4.275334959578386,0.676464454184816,-0.5362344107544456,0.41713209008271723,-0.040867137845236,0.12657825561010444,1.3758565335780972,-1.643768562666838,0.18699556095705278,0.5015519524579501,-0.21815795257432835,-429.397066956405,255.0,1.0,0.6215978924012869,-429.397066956405,448.1214419588094,0.14910028431933142,2.0821683546192276,7.0,0.0,0.022158898705713265,0.022158898705713265
60,1,0.27126182974233026,0.40387359399845146,1.0567958148546186,-0.4937085905031896,1.2261722431667954,-0.9563825513822889,5.489918253061468,1.9325790213549532,2.6048826560356058,0.4649915218427605,0.5103917308870887,0.010972886481859477,-1.3555017018352558,-1.7052514419641167,-0.8378609584555988,-0.836527241296633,-1.3609540645352125,-1.3216890734169255,-1.3682622407549565,-0.6671239383448446,-0.3880111938321505,0.07730849150189213,4.35311558411477,0.9266577285912186,-0.5855971862642037,0.5221089915007916,0.12419486876252991,0.20816466248821447,1.343759081814707,-1.4580809004487651,0.809179043183822,0.17352808699850175,-0.1972840057865234,-432.4243026728508,255.0,1.0,0.5933560461239306,-432.4243026728508,452.2617671221756,0.32681518990551695,2.1067971315096656,7.0,0.0,0.022158898705713265,0.022158898705713265
61,1,1.7372049247925203,0.6019567534958548,1.013777346869873,0.4995291415039801,-0.019396128301225897,-0.26390362120099714,5.153395248157971,2.7057783058478306,0.5755904972884603,1.4480382741418742,-1.0696659015754817,0.402000594528689,0.4041556254118111,-0.375937248398935,-0.8073199535748018,-0.8860337739798836,-1.2471714233700555,-1.3650805537603583,-1.0223007063516056,0.4736406135364334,1.0341863067531305,-1.4877540891978371,4.0353434298836,0.7848982460204293,0.3932446158947047,-0.7551851224166536,0.7299243743864471,-0.6392917233973042,0.5679050752291469,1.3395596612888352,-1.3094143619797434,-0.29875874911403977,1.6112645948143638,-429.2138827871446,127.0,1.0,0.8896932377238672,-429.2138827871446,447.17254044882947,-0.274399823589647,-0.7091117114665053,7.0,0.0,0.022158898705713265,0.022158898705713265
62,1,1.0427041103753711,1.6869594032065318,1.3940019104008292,0.7989305792309039,0.9053882837008151,-0.7062186506392716,5.010442389879869,1.805886842349852,2.454749111020066,0.5293875442512808,0.29865743233208475,-0.04779092637318087,-1.7246984661323101,-0.7189647643980391,0.1567885457991853,-1.6485562781334382,-0.7017830750876505,-1.9072416432338972,0.31289900191543124,0.38851370256106077,-0.926697656200916,0.5735933143530357,3.953883203978492,-0.1868109293700889,-0.29358742964975426,1.5534354916741477,0.044714454423572796,-0.5658615592000181,-0.38682690847764395,0.2155677630562858,-0.6739206408089251,-1.0437958970585746,-1.9972479453849425,-432.0108470389173,255.0,1.0,0.9553574221358497,-432.0108470389173,442.2843804922863,-0.2844206114179997,-0.5824040496507905,8.0,0.0,0.022158898705713265,0.022158898705713265
63,1,2.6549798521823442,0.37411095144250833,1.3493281346958335,0.48944516879405714,1.4160527646276662,-2.2742969847313077,5.198935098380586,2.1108888978954026,2.0105362514999863,-0.4961760683533383,-1.0150580062787735,0.8017233258423314,0.331017456287926,-1.3929436538223359,-1.124651188719978,0.10729587866523528,-2.2044659709300682,-1.909835615658487,-1.214096832623606,2.6615460738240557,-0.9732395438810332,1.888947691839741,3.666548004976442,-1.269080106602988,0.38456782208713786,0.725854897186411,-1.2767215804693541,2.0801858831069024,0.7189649961688706,2.1124577113876515,-0.8404070395783648,0.43480645908306725,0.6876179785065278,-440.67777992815246,127.0,1.0,0.9060732523704476,-440.67777992815246,454.4438022837883,0.14747884366931885,0.4237368462547124,7.0,0.0,0.022158898705713265,0.022158898705713265
64,1,1.881983641836139,0.01741477175559387,0.4238625311243816,0.986583353376003,1.6274725305514195,-1.92925578164281,5.190813542895664,1.9754634573454901,1.9126875628747426,0.7952634641946242,-1.0948664603938134,1.4836961836491214,-0.49777673392118665,-1.1700406461834194,-0.34066849337777666,0.13994220994815357,-2.556421241639566,-1.863353273110349,-1.0437055661820955,2.4048245258983747,-0.24397499251339397,2.1099158668781026,3.8283806897017407,0.14626651096299717,0.38404141663696434,0.08681402180879288,-1.4038962243534043,2.7636879003164356,1.1615730229267494,1.1022183528842036,0.16862582440359095,-0.9403447671551338,-0.033992805553997876,-439.3751345456407,127.0,1.0,0.9274097604944649,-439.3751345456407,454.58983059471336,0.2985128120292302,-0.37594007056611645,7.0,0.0,0.022158898705713265,0.022158898705713265
65,1,1.1410852102450169,2.3431453850004758,0.3660044866740887,-0.7573100705738466,-1.3491608757518043,1.464668666397154,5.111079274991566,2.753984698308613,1.5634131450320614,0.8652100861914503,1.0881753953323774,-1.5959376795456044,-0.46236732541466896,-0.9855979169892507,-1.2030994847927867,-1.888820320607939,0.043125817636627116,-0.8112890296164775,-0.3831607285284834,-2.5586614029009995,0.2420017697031718,-1.9636880620738495,3.996625152433023,0.1167543607690325,0.34307227469421725,0.7315034412172392,1.6831181151230397,-2.2236608682607044,-0.6492737608140458,-0.8175557176818875,-0.48057712111856243,0.7218127523826126,0.026231761060287573,-440.3279667475133,255.0,1.0,0.8721814173709802,-440.3279667475133,457.6771255604099,0.14247529898943867,1.4198548773465518,8.0,0.0,0.022158898705713265,0.022158898705713265
66,1,1.4626059636241573,-1.2513117009259385,0.5375741070402186,0.5702511154397777,1.240861441724269,-1.4621994048567415,5.343558842890802,1.9251311043859054,1.6131664011878584,1.408607806189222,-0.8691613221776336,0.43543986082207337,-0.09205690222808581,-0.8511387331977469,0.21144580178596745,0.12575139876577335,-3.3750950996258178,-1.796815790035603,-0.8214902653757263,0.3510267424071638,1.463599008817638,2.21346701292811,4.247961869851073,-0.08261479304160357,0.2975409749469027,-0.2855838291149275,-1.269903304868481,0.02629270067351179,0.6540703647667553,1.9787731798439339,-0.6944734074904325,-0.3702873869382466,0.09959596038588739,-436.1174436388589,255.0,1.0,0.996476989932617,-436.1174436388589,455.3763622232502,-0.6656251623293201,-1.3523334533447269,7.0,0.0,0.022158898705713265,0.022158898705713265
67,1,1.076180899948921,-0.6434722542597398,0.8918167662705864,-0.47971583929791806,-0.39855406644746083,-0.762262048992055,5.411676496780432,3.004258860381068,0.9305529402515419,1.4703050769999817,-0.07536358303150692,-0.22522393382605768,-0.4078035722088051,-0.7411568327968512,-0.24100591750331402,-0.5253951723784627,-1.5857741596193857,-1.5328649954055813,-0.12634699390127663,-0.5233146147675761,-0.37356779994991474,1.1665246984074016,4.309285806180997,1.0992095680439975,0.5416263331151117,-0.15540046345976757,-1.5432436095640154,0.08145511175201459,0.576119668922105,2.647392943250836,-1.3494266843427838,-0.23761397643988075,-1.2581445926135832,-430.2285299023255,127.0,1.0,0.8805038124660806,-430.2285299023255,447.87028778189307,0.002151988399361926,0.634468708642487,7.0,0.0,0.022158898705713265,0.022158898705713265
68,1,1.9121928304450582,-0.0810489343169829,1.2970734393136014,0.30098204448257115,-0.3106254047292863,-1.2961317998188473,5.202614233040639,1.3912752521578031,1.81342285050911,1.463391501508488,-0.034255239930168824,-0.00011448065426528965,0.059502647489770716,-1.7858026982831217,0.08574522987492285,-0.8450582980709853,-2.1015721572045436,-1.0630552550285357,0.7954798412255709,-2.542472077569722,-1.4537024628668307,1.5731318151656943,3.87604720573012,1.902162744836314,0.5626135200631471,-1.7885370745618379,-0.10544513117632101,0.8755267443920655,-0.4503579633663543,1.042448699818453,-0.31258467906573467,-0.22785106652885717,1.1449481298400848,-434.4012568269281,255.0,1.0,0.9667630674845028,-434.4012568269281,446.0762663820561,-0.12342722415462504,0.24040719509662267,7.0,0.0,0.022158898705713265,0.022158898705713265
69,1,2.3769775316936084,0.15631844732612166,0.6912663316161836,0.3087017163164889,-0.34449500427254537,-1.4816260478706902,4.9455368632418315,1.3150090458333006,1.690141052072614,1.6329437355160723,0.11519368170627108,-0.5274585035808722,0.18448121956579697,-1.800540106896918,-0.0169533981733326,-0.48341151729920306,-1.857232990857392,-1.2127410591195125,0.2040724625732623,-2.0451546068343283,-1.8061851323048055,1.998796323403932,3.7524464551427155,1.2169777849601608,0.4169140920603336,-1.40995692613196,0.4107013373550518,0.5125708710870401,-0.702604962946657,0.9890761207962971,-0.10133208048145671,-0.0486206292961493,1.2672369710915938,-436.39668013710906,127.0,1.0,0.4590363522396856,-436.39668013710906,458.4005177410145,0.722975550809906,1.6492709217783386,7.0,0.0,0.022158898705713265,0.022158898705713265
70,1,0.49314375909508945,0.9231044232151492,0.32923434341890956,0.5204558198747927,0.35866947987129033,1.8155155504452378,5.246448096451952,3.277087600622849,1.1017037003038266,0.3491764091056701,-0.04666898354258152,0.056050118340134285,-0.6621684123709405,-0.39432769099214987,-1.3630278770512874,-1.3835113880873144,-0.35659868009089873,-1.5068311159756433,-2.131193786600453,1.860047679294721,1.3179720127464818,-1.972932385637,4.437354452037975,-0.73941457010459,0.12593424517331198,2.5086905606538625,0.032368508667928904,-0.24204424893135107,1.6353561327942108,-0.8355431853230926,-0.1228052434714223,0.17559232835304464,-1.2494692250570774,-438.55039308502114,255.0,1.0,0.7087579792334073,-438.55039308502114,456.186312849574,0.5001577220880336,1.9464202866521987,8.0,0.0,0.022158898705713265,0.022158898705713265
71,1,3.1721790246814634,0.8581682973240587,1.3106972394495964,1.9571053973546102,-0.6493111743011359,0.7438484211867925,4.893916779587983,2.227486601750718,1.4514318054504665,2.0706033470331837,0.9039387752258584,-0.7995443248026688,-1.9437308341889117,0.2859553564364028,-0.04838411195658042,-1.3561821336150273,-0.927714521463037,-0.6531690744083384,-1.4626338032286825,0.4539617291564917,1.1482132082223255,-1.3103602985343261,3.6346438981240907,-1.413201777117221,0.12953578968843726,1.3983691980008577,-1.2409946524478581,0.4924980130359954,0.37531351088769493,0.07179017589125931,1.3365455382220652,-0.13457879034768613,-1.2130541727511783,-434.35796176409383,127.0,1.0,0.8458392529334139,-434.35796176409383,454.3956216378272,-1.8656692518603677,3.4774973133283424,7.0,0.0,0.022158898705713265,0.022158898705713265
72,1,3.1258574415050084,0.5186728509540947,1.1387711532510156,1.8082827639216783,-0.7634872399040705,0.9133625781045452,4.939635524439332,2.383648283116362,1.5213738510530601,2.235004479934562,1.2018057520761511,-0.909403648323852,-1.8499424669680684,0.33607309900580634,-0.09236510246599886,-1.2939663520878026,-1.0295400752130024,-0.655907995870127,-1.4559305631383976,0.35294540661305496,1.244725902275104,-1.2828482415126818,3.583509082703131,-1.495248645473886,0.15425512727218077,1.4442997833773858,-1.2829946011699074,0.6264842008398576,0.4791084832974452,0.06226390627580452,1.3818025584616345,-0.07476601897217285,-1.3948870690352086,-434.82703518619815,127.0,1.0,0.9767765948769334,-434.82703518619815,445.72931354404085,-0.1741627414480149,-0.5338104175287413,7.0,0.0,0.022158898705713265,0.022158898705713265
73,1,4.277794424027533,-1.0348132191880093,1.6266133713330853,0.562410621835067,-0.976083327239122,1.0242254453062203,4.743715146244901,2.7459514343391414,1.1924621995247568,1.23678900322023,1.3022144545171037,-0.5418557999933872,-1.8752654362636068,-1.415977101986114,-0.3626329952191615,-0.5103472034156505,-1.0922998363541123,-1.3465686035639528,-1.7378396233308973,0.3739098249682249,0.7322632605999577,-0.6681552314460594,3.301092843993606,-0.023382320196611697,0.4694768861348168,0.0660050519777226,-1.205913746900762,1.0426590085592224,0.0460519250436132,-0.02389506838664237,1.0682930860066395,0.3426024405964484,-0.6127470315081103,-433.3578295606534,127.0,1.0,0.7883905780306902,-433.3578295606534,448.81070364716976,0.5074706167172849,0.8447038132850935,7.0,0.0,0.022158898705713265,0.022158898705713265
74,1,-0.2092176893586517,1.408762865927071,0.34450904473994265,-1.93582168457437,1.1489284385247769,-0.49953327254919144,5.475965640879496,1.3618162001415839,2.3284297219159384,1.6856049037308791,0.1313231539900872,-0.5637450229629285,-0.5301773640921481,-0.23188520503378596,-0.5379410705214878,-0.5506148199235634,-1.1765383601900488,-2.3737109849790676,0.31052290671264177,-1.98464982766323,-1.337467171101804,-0.5629705450938634,4.581382646509932,0.7752058246041229,-0.32441662047192116,-1.1246200552556749,1.66039307060493,1.3529757612056768,0.6082205832480935,-0.4517126833636702,-0.41220535988953466,1.050671140938086,0.38826228346642494,-434.036681183562,255.0,1.0,0.5612298652746057,-434.036681183562,453.6847772656114,0.4288140290231013,2.03155362870109,7.0,0.0,0.022158898705713265,0.022158898705713265
75,1,2.6245054680027304,0.40442155584800726,1.270685531329199,1.722054714636566,1.372021746723323,0.6444706476027808,4.818010714910539,2.4355938810750115,1.4026479147694384,-0.39323716671696424,0.26436047347827213,0.6214149743742344,-1.2568275999763456,-1.1414154406416188,-1.5422959527646207,-1.570152353684405,-1.4932036683210672,-0.5991135269707747,-2.6207365206149387,-0.30404589725585157,-0.4698734047841854,0.8462168276621178,3.59893886634617,-0.8198384203670114,-0.08731100772003306,0.3099091283310812,-0.8499730279265534,0.055109625997344244,0.6682488016419978,1.3489973405892073,-1.6328169143433526,-1.6042626136062348,0.7187782393339324,-433.4048327135495,255.0,1.0,0.9653683322871666,-433.4048327135495,449.15790113921196,0.11538930890924348,-0.4587659350231661,8.0,0.0,0.022158898705713265,0.022158898705713265
