rt_vals[1],rt_vals[2],rt_vals[3],rt_vals[4],rt_vals[5],rt_vals[6],rt_vals[7],rt_vals[8],rt_vals[9],rt_vals[10],rt_vals[11]
1.2305522395141157,1.1741690035375363,1.0762921231220868,1.023572138205372,0.9342741014354498,0.9263742035670964,0.9278775061253742,0.8482122587070707,0.8189792119887104,0.8189913982074007,0.7785994556080923
1.0461003659913062,1.0974566962751358,1.1280315085853585,0.9700866650730147,0.962276646445542,0.9982606239086581,0.8736450512735149,0.8193867733522694,0.7535093879534422,0.777029993292996,0.8425500552422721
1.1487432801505648,1.1102381642826231,1.0021835482460737,0.9833012331555494,1.011236879736028,0.9812550655804197,0.9490736030990715,0.8444902911730171,0.8244373960885143,0.7681393741044692,0.7382247412370864
1.0771131159918494,1.0713862049726486,1.0971472112157217,1.0424880680393551,0.9567940693645222,0.887141318296534,0.9308951604437816,0.8226243778061327,0.8228099801788251,0.8177199607741161,0.8737393747608202
1.1046846215061277,1.107997555816444,1.0009329452487299,0.9286213075064957,0.9628258819725419,1.0043297085698868,0.9745881341763676,0.8546195249931524,0.7888838257887125,0.7402230650677093,0.7504178931279377
1.0666802096271573,1.1786395347104384,1.0652488801119153,0.9957467210698718,0.9929671793631254,0.9604195893801556,0.8931339318077849,0.7380831245653676,0.6957698185939355,0.7261965547520249,0.6936556607624766
1.0656610978799994,1.1792346562148934,1.071193840815502,1.0064332476806608,1.0095181736324854,0.9735770324365518,0.9069562017000388,0.7476852126297845,0.7058367399262465,0.7319960869849604,0.698189664580458
1.0830690793260982,1.1849485916508495,1.0764006550535195,0.9997143989367275,1.0036802502146138,0.9716139868966424,0.9071857148790843,0.7481766300509839,0.7013783111454328,0.7295092167162104,0.6986535915380411
1.025552762818957,1.1242511750438084,1.0645974764738613,0.9401836166697565,0.9229714262163521,0.9551030981515606,0.9758148931946378,0.8693974081977167,0.8126243170494328,0.8888875792004169,0.8576650369746079
1.0839174790122634,1.0499773361519922,1.0629477871857549,0.9966765793773106,0.9900229410069079,0.9651186137845015,0.8944078430760879,0.8874028262053789,0.8777414791800436,0.8253568522718163,0.8350847968006812
1.1821231885170786,1.0370723612584918,1.1024104512714692,1.0106113694867307,0.9573053802955874,0.9435786946886593,0.8846608867112727,0.8344855009227032,0.8223154055083324,0.757373110888032,0.776210786043126
1.1484344334637964,1.0512572595708298,1.0921902817414735,0.9684883452866241,0.9421909329499888,1.0090134864985465,0.8759958690927988,0.8586255084646418,0.8395723269391039,0.8142629272829797,0.8199733666356884
1.10756276710169,1.0525698060250284,1.0827513530592343,1.0315905474673228,0.9763620953080426,0.9698723486984274,0.8798834226885872,0.8293016218734363,0.8134951617495554,0.7539910507201661,0.6456649959861795
1.0492329756859202,1.1120629081686422,1.0998113653577606,1.0097030255627182,0.941373050720367,0.9619526056901747,0.8969865429901791,0.8311745921985259,0.8427252874778759,0.815375705118534,0.831017441360089
1.1843530454321263,1.0752265260550664,1.090392328376303,1.028439636882647,0.9871403635491515,0.9573898882429248,0.9029528297551226,0.8439112026902279,0.8113731678470526,0.8239911109193109,0.8302569574003826
1.0894392773319184,1.1384552525844513,1.0472714991179268,1.0073990245607924,1.0259963472369067,0.9259787376840868,0.8930833682094098,0.8468358369713277,0.823633766762698,0.8040759810062346,0.8208944970482966
1.0386658765671144,0.9976134138886732,1.0786181965353034,1.0216832625658858,1.0029105489864156,0.9781763383180815,0.8915768396980432,0.7986430298794602,0.7838351724071416,0.7371520810014954,0.6915784008818056
1.1076895319821676,1.1725449474916905,1.1239467643179895,1.0251420361132828,0.9670571984917462,0.9353412878227944,0.861076770608675,0.8526157555976901,0.8585743451245015,0.8314528749612862,0.8905967957681019
1.1316227982509084,1.1948572372851474,1.1291086222870896,0.9744966768418097,0.9608035213502921,0.9612315042999787,0.8803083900674141,0.7927169259306476,0.724565697738482,0.7386018265587039,0.7269886717673122
1.1342701427510624,1.1884015494299747,1.1166511544303144,0.9699945877400613,0.969407907698655,0.9846123682053997,0.8991081067162172,0.8133835896122502,0.7476608072030239,0.7689413767788176,0.7611345293230323
1.056231236649499,1.1255359447114062,1.102723692533107,1.0068913021591703,0.9575492925264307,0.9211749259885017,0.8654055550524424,0.8122113497163691,0.7875560117739613,0.8353046144845944,0.7694855690662846
1.0503292197918954,1.1060399847449867,1.0923711951956843,0.9999709457552923,0.9523330446659595,0.9216822866980425,0.8791817983635004,0.8248551231523036,0.7982927249643215,0.8516939116351456,0.7841931304734084
1.091443435846096,1.0610088496595649,1.015505182123282,0.941189184301522,0.9458046582207595,0.9286833054684008,0.8975443287478176,0.8317194031742641,0.7995442318387839,0.8089722654725525,0.8473733760058437
1.1594399386185965,1.1616667851053966,1.0734266454798325,0.9547195568320536,0.9441800058998279,0.9337155184872451,0.8871713461561028,0.8179241002904721,0.7701929180983524,0.7814675813070459,0.7763761229140758
1.1634102290617312,1.1460804924284202,1.060033566211264,0.9841818262596623,1.0044704711787853,0.9499727120941384,0.8994914914844524,0.8335155554122399,0.8237413212524627,0.7163283464925616,0.7096566115486038
1.1992872524480302,1.1624781420924652,1.1651942091379548,0.9604424880100817,0.9311626515559696,1.016579964123469,0.9229068801275823,0.8276872626206223,0.819931377605249,0.8603917212478193,0.816515895658473
1.1256154290538827,1.0906135774264107,1.133608558841257,0.9263163064539728,0.965215490028781,1.007833369646399,0.9145487814422659,0.8567782127925154,0.8228309200536842,0.8857205748044036,0.9443255897406718
1.0930718245600783,1.1173189908846777,1.0630260748177884,0.9911690011845067,0.9814258804729182,0.9079082747663011,0.9197423256335119,0.8881857736925974,0.8276220208263624,0.921296094408485,0.8696140325460255
1.0453805174321293,1.0669563200860848,1.008991698187143,1.0042677040395807,0.9988613133443099,0.9837515588528587,0.9257581991861109,0.8494869184435421,0.7699550662054994,0.7639718198366648,0.7644288093084435
1.2235430591697658,1.178173326277566,1.0753788017725807,0.9713988782891338,0.9456526530073538,0.9264606618418256,0.9192350094121019,0.8635247661764661,0.8456910441872563,0.7873418288829723,0.7527649239123039
1.2095673300185605,1.1250606191165655,1.0837432980641415,0.9874060913988008,1.0020583996613408,0.9769973014851059,0.9100128264108318,0.8189121375233236,0.7747951077580945,0.7963130974823793,0.862999183028248
1.221295377397613,1.1165761439410382,1.1140336916668079,0.9137568793842645,0.9815559428995853,0.9679777104831206,0.8953990961111808,0.739767311456701,0.7256640667177704,0.7374337031476759,0.7892966140644577
1.1749124578554504,1.0715929211474837,1.0817646284123354,0.9151819204799422,0.9834728188360001,0.9823781926247849,0.9245846293085801,0.7753709270492527,0.766928568008473,0.7916736735535981,0.826101887323753
1.0837506711397087,1.128892660535514,1.0424182159690907,1.050615542396504,0.9585038228182396,0.9362571121559474,0.9129971037572701,0.9127057417493438,0.8548429521489667,0.8444440499992546,0.791486351567229
1.091411928289833,1.094985659416695,1.1411112724247687,0.9239830741192725,0.9977788431167669,0.9713825094598172,0.9186014065958862,0.8145472396597843,0.8146919392580655,0.8598808966063425,0.901778795600737
1.0774769281364118,1.1849905671064875,1.0875696465644447,1.0343250846816983,0.9387559116909119,0.9358138964003144,0.9057895279160648,0.8572970727747479,0.7627484938044896,0.8583695177100499,0.8410474729663434
1.084335213914157,1.0442362656273863,1.0873486119833464,1.0035069699604513,1.019733859438044,0.9804896958337517,0.9251278770870188,0.8195997814107038,0.8168621530143698,0.7452936064143472,0.7664517835109126
1.2132141717593754,1.2171446012157061,1.1101891098737438,0.9621097653214529,1.01242247661339,0.9450836727727114,0.8548245768948235,0.8522269463588134,0.7901424869356984,0.8139979496721742,0.7923488961980619
1.2312954853813363,1.2207500006498861,1.0517377172058264,0.9023304700694147,1.0086217494257093,1.0127917398549346,0.8969294207253496,0.8635804833089475,0.7687564823993271,0.7719973153681462,0.8292024359529088
0.9682667293446474,1.0640265684315393,1.0435179477792236,1.0236345554055715,0.9399304165294534,0.9040898358112748,0.9090437703198123,0.8581067268504526,0.8379822595326729,0.8554976125448749,0.8155453477900395
1.0708920735044958,1.1281271648647446,1.0520547768911523,0.990499222431409,0.9015786707486914,0.9092325245683774,0.9705949946841504,0.8988907067693624,0.810916691726561,0.8041962771473311,0.779747399997886
1.0240755211361743,1.039058323310859,1.059246179795908,1.046733224110789,0.9602486822668482,0.9500339578824187,0.8616854693242676,0.8300959364268558,0.797978750340906,0.7683248239511725,0.7042677311728807
1.1588721607082177,1.2249447710098762,1.0898726964718075,0.9764894575277964,0.9968814619793213,0.9923927643360212,0.9582646569530165,0.8727523464959934,0.7861042370134311,0.7857991779282404,0.8775952114055433
1.1074541548678645,1.0919653616963974,1.0791474774863627,1.0347039854317046,0.9715682931738401,0.9532386889363992,0.8902608440581921,0.8073434290277183,0.8324565093467647,0.8458479827884389,0.8239948946845062
1.108190367301083,1.108656781539017,1.0454097925783037,0.9621175767054787,0.9398316885446759,0.9418751241872428,0.9330501554348422,0.8958957896562594,0.7939954610050921,0.7535897431058514,0.7584158866711684
0.9879192509203761,1.0631798322307002,1.0636666383621332,1.0460026632413901,1.0065923540896486,0.9044909321254379,0.913341842706709,0.8416001116045883,0.8294018683182242,0.8393793109379648,0.8447413920055425
0.9959192930315292,1.0712591543242007,1.0963880309711378,1.084569942105507,1.0109257485486336,0.8911895650771402,0.8994276199342817,0.8124023189750669,0.8029014534901058,0.8059351245907093,0.8012168730335706
1.1556002897302369,1.1249130336226894,0.9930080075908582,0.9374451096729123,0.9090023128419455,1.016471504477792,0.954493797820199,0.8718454787348072,0.8266504511449944,0.8411255576050026,0.8304680527313858
1.1195657199510176,1.1096972642920897,1.0759166756502332,1.0532022357252144,0.9746772357831347,0.8992427620692518,0.8896428848702677,0.8480145091607547,0.7691805303711909,0.7675822895501042,0.7657169574136605
1.0809845883923002,1.0059492854824124,1.0247379569109176,0.9903446717507641,0.9433702097684883,0.9430341883714369,0.95379851682824,0.8836298148651328,0.8445295817729238,0.8355959867435784,0.8069685495625261
1.0190915167361903,1.0118843202620598,1.0813906518632261,0.9723953222905141,0.9455481108817465,0.9072498511065705,0.9217512847006903,0.8684293948589481,0.8026838507574706,0.8252385959093193,0.8698995702478777
1.1068575293841487,1.067113672910391,1.0515945051828195,0.9785876056948584,0.9150270632392496,0.9142224262292926,0.9122670079660258,0.8065929105152887,0.7909143527099717,0.7790518435631603,0.7375265483943122
1.1231168862840408,1.1547711522865316,1.067621749752283,1.0156672751293074,0.9453951030962572,1.0234742674000215,0.9313053542579527,0.817943021914877,0.7636725040256072,0.7948733633246529,0.7196084219539219
1.1931687859315403,1.1368076870434887,1.0892991567460846,0.99603554554688,0.9037245935972019,0.9458988051045917,0.9148046105838126,0.7954386401969842,0.816076510782289,0.8000184381030104,0.7642944324624765
1.0261463317194248,1.0112149284240788,1.0243722703334681,1.0604712799972498,0.9840353367372116,0.9233189301673369,0.8918622464238624,0.8301387793781674,0.8167599864253794,0.8484452053080503,0.9477860281296466
1.1685157791043232,1.160290697617043,1.08936107682759,0.9796866252027037,0.9448536175543987,0.9246868395989977,0.9559495159025658,0.8936856085267832,0.7366093008874048,0.7353926330079268,0.6952722330487455
1.0583806402495473,1.0895375121116133,1.068246475519241,0.9820550254798763,0.9460234573874253,0.9864665510099943,0.9403166141847901,0.8411473053548199,0.7155404222545383,0.6850781302615802,0.63838138632492
1.1106595396548606,1.165803929812915,1.0810554422856242,0.9918628557352159,0.9552785726403858,0.9428210695571093,0.889949623608033,0.7891819223952095,0.8007853388975591,0.7897022517907981,0.7540829821996967
1.1096578590928308,1.1068264886521069,1.074685923664793,1.078529248257312,0.9643675344538611,0.9584046928840977,0.9380795200987494,0.8272583924937359,0.7642746188597176,0.7563544382738181,0.8093277930652661
1.162580449375143,1.2200133939094782,1.1121285718504972,0.9055219863656744,1.0330168713137524,0.9376416943299472,0.8857752195180982,0.8156427010511922,0.7666178233636561,0.760055377097443,0.7736743583762274
1.1283961132194478,1.0820196745093686,1.088847520807895,1.0341889833479783,0.9410454563450442,0.946978362769751,0.9042421681360955,0.8732642095845722,0.7889269473016007,0.8208774723378955,0.7649887675915609
1.1080181823473865,1.1762621257360988,1.0726375392784786,1.013946365871295,1.0206705673213021,0.9227012087443791,0.8466526895948713,0.7752987016718539,0.7963218255376607,0.7989415641662427,0.8184345090825145
1.1061074188008726,1.1514284558012124,1.0841521740489832,0.9881890341216765,1.0087978495347634,0.9281804420457382,0.8596791251759295,0.84601402074333,0.8168450362517465,0.8577411188502393,0.8387592232690884
1.1164789442904675,1.155384288663068,1.0730715962163933,1.0061573210512844,1.0033466959657067,0.9843664822788932,0.9149542916114558,0.8442693994372008,0.8400327120858319,0.8283403911603435,0.8427656355526669
1.1345928123097708,1.1768867105888288,1.0885400739691184,1.0208857685992305,1.0003606258615567,0.9719895543223572,0.9028290100749699,0.8374709499335552,0.8268902248716206,0.8008419066369191,0.8151085112159158
1.1281691599587358,1.1501080901199736,1.0369499643778568,1.0178172142410995,0.9657845180879746,0.9155352318559047,0.887568612117656,0.8571375163833156,0.782732991774481,0.7798719655944273,0.7385958341914852
0.9867382666019163,1.0559186897785373,1.135545769672763,1.1068151832770103,1.0069466584059898,0.9087579748120415,0.8870504575549715,0.8535368488915885,0.8289477556981115,0.8083057450703157,0.7900127289683783
1.1098054778760313,1.0847584619170194,1.0958155010543813,1.0332812987156599,0.9409699481436181,0.9513770103499138,0.9113270019267468,0.8769232199484276,0.8323723621122735,0.8818442114287829,0.8152357839429956
1.0322357955839772,1.091722813837985,1.1053435166658487,1.0481248278800244,0.9641861741440733,0.9798095558885553,0.8805176657677569,0.8558656017518544,0.783519987802348,0.7894148008788503,0.7420077712937863
1.1879741543324838,1.1417385221747482,1.0351615545755801,1.0020937797301828,0.9815660541377833,0.9543127301402393,0.9071132496585712,0.8493175254086731,0.8415626543965483,0.8799905706861502,0.8847475914085817
1.1381811868588423,1.1192553271637553,1.0625604754148474,0.9651847204172396,0.9433372179268226,1.0270426171666194,0.901417334771883,0.839359790608663,0.7687798311738449,0.7802412133249321,0.8567947657047976
1.177455811771535,1.1372778795268255,1.1229160761077133,1.007190983367638,0.9338583530156496,0.9914866974643433,0.9084263155168355,0.7696642825675682,0.7170079437496009,0.749130566194788,0.8220262061993344
1.0360467776045672,1.0596933876496928,1.0174477038185654,1.0205314145450295,1.0307091357151756,0.9216222181498204,0.8614968043445549,0.8419463323649418,0.8290306493896262,0.7757520868477855,0.7173034266342319
1.2431266781466814,1.2162801433857284,1.11120901646428,0.9686053238686883,0.9084455814501408,0.9458472230961884,0.9139133780460895,0.8350465586435203,0.7991234046321773,0.8313324992777283,0.8513326526524715
1.0434180996812432,1.1323428948040513,1.0187323085663955,1.0109457988538264,1.048879498850982,0.9945496669022198,0.9536616581746454,0.8315474576473272,0.7901347537295177,0.7915367943656898,0.7725378587804963
1.1471028311683067,1.064233519393844,1.0944449135424228,0.9506472669782327,0.885764033284569,0.9115969246053854,0.8545675949276235,0.8269172124389161,0.7905882863589636,0.783976390724595,0.8029588550636393
0.9953882788680875,1.0681574703519168,1.1057917252723188,0.9922240697673785,0.9297212036783121,0.8794125488293263,0.9304225806795123,0.7903344614357061,0.8874697076008397,0.8323818014130688,0.8649873670800039
1.2195645240847652,1.1179869773479183,1.044808588877228,0.9914135694872035,0.9960718762526688,0.987525180130877,0.913893574473406,0.839472304418279,0.780108214342107,0.8005990422948879,0.7911113606257748
1.019957039639166,1.0014372211917626,1.1173573989480146,1.009647015388181,0.9467025059262942,0.8769398125179679,0.9288812062181602,0.8283175750179701,0.8357248933101556,0.7970629067553037,0.8200457707721124
0.9926667748159775,1.004478981807743,1.0285331795214057,1.0174865591009161,0.9801995337885782,0.980299019910631,0.8899385178477774,0.8447211154830472,0.7982755829390186,0.8118836162214246,0.8335822406821463
1.1757117282930767,1.1022340867107705,1.1313626365696634,1.0013907926930536,0.9438014667154209,0.9498831912491301,0.8440940257141435,0.8623646336190756,0.8592871795795963,0.8853580277947066,0.8287947062426785
1.117575461710348,1.1631865012807854,1.0830147962477017,0.9822588987538111,0.9845309525621182,0.9492277005220744,0.9231824320980323,0.8292126691456891,0.7295110192857879,0.6957789862685843,0.760231563739039
1.150415538600818,1.1636335292744584,1.127020822002684,0.9888467316360606,0.9242649314530624,0.9361056678381716,0.9191063866857269,0.8875919535235347,0.8691818828888688,0.8489739984856876,0.8214295868462452
1.1193689318626208,1.0769102187589334,1.0930566319519488,0.9879521135207406,0.9894644155717333,0.9320641469422799,0.922366107172055,0.8637560556257077,0.8305480428439007,0.7975793289736276,0.6794217592367794
1.1200509938934964,1.1030745444332328,1.0947034411332495,1.0000855031984617,0.9630275312026564,0.9591773783262162,0.8792605399196027,0.8298087634178005,0.7857800945971275,0.7854266813278387,0.7868164862880176
1.083846363023462,1.1164421576749837,1.0548807580481885,1.007017396392352,1.0256162616598887,0.9734217537322025,0.9653974535992627,0.8229113459200779,0.7445945905462351,0.7372370389936069,0.7235795898685681
1.1818220717058248,1.1842047943990741,1.1268576864829716,0.9916357773027558,0.8986110379008253,0.8979505570904478,0.8712192630550422,0.8350268678971309,0.8530892217719397,0.8297558928584785,0.8725824024898834
1.0398266624592667,1.053591011344227,1.0731711620359978,0.9858193201836478,1.0224516077539525,0.9627148911203663,0.9089852295254276,0.85999613683482,0.7514210947776454,0.7713564336954075,0.7481730041485085
1.0082103126831115,1.0686375523851446,1.1001501893325125,1.0023118497335852,0.9710901012902309,0.9620940191526071,0.9258194745002774,0.8912305889647381,0.8270759107720567,0.8787914496273588,0.8468513384475439
1.105452617002265,1.097483877603432,1.11343201686625,0.9644150864055263,0.9102497704561402,0.9176235486425401,0.9411027601655392,0.8834321532088346,0.7352609136236217,0.7052866197171802,0.6767543027041059
1.1127645036628806,1.121282684806272,1.1402866322795766,0.9973607677525634,0.9336439295955257,0.932174091925231,0.9857800601060028,0.8726084098657622,0.6970097542005551,0.7197654960339263,0.7279488592202452
1.0824399233376982,1.1452978931266717,1.0515874511933703,0.992845409424299,1.03315546977587,0.9804273450499195,0.8754947516203853,0.853323506199076,0.8517297835627976,0.7842607235157212,0.7161152615348625
1.0524399837819505,1.0909736491526763,1.1121253654607288,0.9490731437767315,0.952676417143973,0.9758689048876958,0.9559413213754518,0.8398604413210047,0.8008920412673517,0.7665617338971158,0.7177030844459951
1.0837243823629998,1.1026266075813527,1.1620263201327665,1.0169656130569478,0.9710347277846925,0.9833731875221643,0.9290476670345453,0.8131395277009338,0.7412319011704557,0.6961167588418434,0.6586246023786319
1.0459193011089027,1.0348577121075544,1.0624586945332901,1.007434721108926,0.9515897155472407,0.9782994467951817,0.9136490066831329,0.8593162376784549,0.8250317178594418,0.7825656381270474,0.8039914487907696
1.1004302519589297,1.123555179556297,1.0105168519044103,0.9698575734004763,0.9959632943200515,0.9516578283747025,0.9716023065479551,0.899253965786086,0.8087355952881193,0.8140865888268857,0.8069389574230734
1.083750125159004,1.0646577684303242,1.1227511733774986,1.0228216914041541,0.9470404693590501,0.973399033021464,0.8591493819655722,0.7921117561215418,0.8024506242054774,0.7859644226831797,0.7940513086760768
1.0937185639870166,1.1329182532018522,1.0748101810637305,1.0046943315343542,0.9895929161831059,0.9589063714787438,0.9037420479832158,0.8552931048277531,0.7981725270599055,0.7962115638121858,0.7664200379678001
1.0624061096664092,1.1274927745493937,1.0408315672398532,0.9762219255545436,0.9616434546729737,0.9925153052886729,0.9037207407775403,0.8544185253540341,0.8406805243526568,0.8358165039531598,0.7842643613567613
1.2158248202910857,1.0641210650030761,1.1400331277890399,0.9561741731742345,0.96434914352473,0.9478657027509473,0.8954478516772658,0.848861213113193,0.7971697688612431,0.7940187588878981,0.9048092552728981
1.1115939513580015,1.1644370191788074,1.1211394726872908,0.9676059703248086,0.9167946660963627,0.9476244953620928,0.9380188987105436,0.8151510979548178,0.8037947759164067,0.8115962536510565,0.850180273613095
1.248282116503325,1.096137503131324,1.051673788685799,0.990633569276906,0.9875884636439523,1.0451446162663607,0.9436390976313976,0.816209148325369,0.7607795407515111,0.67248626742903,0.6877292671908912
1.106162091566281,1.1819433572002946,1.1250533213277494,1.014703656888643,0.9324536127274818,0.9191563741866281,0.8707712083886241,0.8300158286336253,0.8370395587514865,0.8861936982629339,0.8531379625766721
0.9743045538038942,1.0751907740347968,1.023817071264566,1.03358750655206,0.9534404409634294,0.9537374884503906,0.859934190868068,0.8164144481070125,0.761437130720011,0.7840090329873437,0.8002984256605462
1.2308536471081497,1.2512139738349102,1.0979295284764419,0.9553052136000921,1.0246161803780505,0.951909472999023,0.934330900606963,0.8126636846538848,0.8064600056528767,0.8132899769319076,0.79354067804766
0.9928528969296367,1.0319050102395118,1.0865679918560809,1.025669344153353,0.9300690046709521,0.9464587537556175,0.8662510333599814,0.8581784103191439,0.7689941148403663,0.7700944847462609,0.761758063335105
1.315561759493066,1.2885137786272034,1.1163345206071622,0.9699332042759038,1.0204237720061387,0.963062530527541,0.9072181242308897,0.8136454847184325,0.7319491557174468,0.7646398878621726,0.8700731065271408
1.2328264977095822,1.1824864185582382,1.0656734177056384,0.9640951257704271,0.9635338067801538,0.9971829002856709,0.9549257526447477,0.8515090196016872,0.7850158058652864,0.8285025416577416,0.9384256604063214
1.080980866405843,1.1128254328572336,1.0830675319133962,0.9964322955641293,1.009526388444503,0.950547161187192,0.9123159933829521,0.841046163991962,0.8329028458021078,0.8770895324622535,0.9082248144484101
1.120152259671519,1.0865007875495551,1.0874473432633844,1.072507520317207,1.0097414187516354,1.0094055897619418,0.8904991946678312,0.864154632870496,0.8240967835833484,0.8137285247338899,0.7463559801737035
1.0942139046434862,1.1086647912418925,1.1067767532120585,0.980551412917115,0.9612658541766086,0.9504303174700041,0.9139518474454168,0.8144579315428544,0.8472585681486716,0.8531058661927446,0.7754070181972594
0.9930110416847859,1.0384865859811616,1.1367677312583553,1.0131248898517957,1.075473439092754,0.9274267989501483,0.8954764220994034,0.854084095671799,0.8949950841020227,0.8276955688901296,0.7935252263148956
1.254334180766694,1.1720450372846638,1.0452195679308602,1.0320446816939783,0.9124745693163525,0.9509746892749745,0.8774691176199223,0.837628025405905,0.7377589562610201,0.7859479368059787,0.8329686044278296
1.0615535076572375,1.1433050437066923,1.0940324434518633,0.9853338626177109,0.9639658083579127,0.9424292807258233,0.9534820611004888,0.8555425956273981,0.8365066072216215,0.7678147580267096,0.6790788415005087
1.1252059876956608,1.1549336323247255,1.137448677073531,0.965703010044282,0.9575905159695383,0.9333314712593525,0.9764976169187245,0.8221233328833102,0.7870463364494155,0.7660175509300869,0.6720687140794182
1.1921189131317431,1.1543778203720167,1.0856825452184555,0.9854721302160568,0.9447531361747623,0.9963421547070286,0.9542973297023689,0.8546858540620328,0.7873763147237972,0.8331057354034221,0.8004765780055882
1.171942655996138,1.1810808748884867,1.146978532340184,1.0761943361486381,0.990467476024975,0.852346961556253,0.8368791636804048,0.7904569861440157,0.7878791474532026,0.7335831535515077,0.7248005197885509
1.1312397695415224,1.1251498949507572,1.0735562755999266,1.0402075459820577,0.991562253271795,0.8751821950803187,0.8632437510872341,0.8416554685666938,0.8722785161199836,0.7981614634923956,0.8276141313591046
1.1354523212648715,1.122604168548176,1.0729784890719822,1.0312551015801688,0.9525624460037027,0.9652321767922891,0.9633341966480051,0.8433540477774212,0.8032033609453105,0.780579383566022,0.8140838846162683
1.0468204480956527,1.0575522681629257,1.0395879690136027,1.0335441820164706,0.9317872156338624,0.9726983674911551,0.9314746234147974,0.7879480537433851,0.7750627871621992,0.7286208552046317,0.689164864725314
1.1230627125139112,1.1723814749969834,1.106499146178515,0.9760594892727964,1.0039076693587132,0.8929168149583381,0.9396848041831527,0.8823709360712164,0.9254816764542285,0.8917487024220898,0.8995702489090723
1.0988151957936485,1.1179117614443035,1.1019544530766825,0.9910770172552877,0.9775267233807343,0.9388133344113,0.9481065779221592,0.9133133534619854,0.8415356327719283,0.8040245076104147,0.8344927198708694
1.1383759931224045,1.2353060981183257,1.1095522691711577,1.02963036233682,0.9902056671055368,1.0169336369371205,0.8833867762702706,0.7290475676179583,0.7719199579446662,0.8450583155594312,0.8491664346655725
1.1442809711968824,1.1457987578758095,1.0673080874812,0.9763333308664107,1.006537579350769,0.933036201412469,0.905977200973462,0.873642839666162,0.8112703656770254,0.7702646749843547,0.7197645087718066
1.0660444722078708,1.0698814190008406,1.060726336425986,1.0188573303006678,0.8852328436408884,0.9801448373066172,0.8523717210833502,0.7757518123833476,0.7754338829624975,0.8275414364601478,0.8864877074946695
1.0661143228690506,1.1105064930935138,1.0580330768089303,1.0005636067366133,0.945570402914726,0.9578150185788405,0.873322911206313,0.8647505143401567,0.7847387331146243,0.8147420111890988,0.9350124721035202
1.1594361263814659,1.113224317359237,1.0627963953222623,1.0055984926279624,0.9526313450762183,0.9390434061539512,0.8939752859265826,0.8493725314210968,0.8242165200580749,0.8121662044805945,0.7894636235931904
1.1610437150264452,1.1066089280993003,1.0532942439467625,0.9905074890971994,0.940606230868867,0.9447645487812174,0.8865443462561343,0.8450519990845349,0.8223421708044778,0.8206983787897947,0.7845484740861055
1.161743812029364,1.0724127352246808,1.0508425040157545,1.0259377888847836,0.9848003157545008,0.9956620487704076,0.864969567752718,0.8319278819883016,0.8787418926964887,0.8244474901716016,0.7753892246756824
0.9875744774560475,1.032007055818901,1.0818540520425597,0.99459715571171,0.9893084550562209,0.9394415726746767,0.9473029307444769,0.8631860935709454,0.7484442176668784,0.7371276161131163,0.7125677576251394
1.1910053549408122,1.1629898608524591,1.1083066619855992,0.9981975621250586,0.9261998449715537,0.9267617904801511,0.861949834523372,0.8299821705271003,0.8946738586882315,0.8780931941131439,0.8958802869772157
1.0984502066762611,1.037802169894032,1.0490723151620398,0.9849454995175633,0.974947476474598,0.9692452681585421,0.9072770584607227,0.8303314909726147,0.8184270025751106,0.7690483150526621,0.7779706328197391
1.129791124103887,1.1356779775607098,1.089044110853441,1.0172282571862359,0.9640430763456512,0.9243170703824766,0.8624437321012876,0.8378831896438372,0.8279474748363784,0.7877706454376622,0.7744343392303402
1.1056268236786866,1.065816418613948,1.077173868913929,0.9364809261151839,0.994848850965465,0.964236760856385,0.9781578825514968,0.8260281024973766,0.7190277751232468,0.7345941556817898,0.7651969492105212
1.0770227093576559,1.1234084227421106,1.027569424896732,0.9957846030487633,1.000960197210104,0.9259753302361023,0.8866771941350264,0.8570965677879455,0.7873377991017597,0.7878797191085062,0.7579294229091947
1.0712475717128465,1.0555359110045892,1.0753205652240825,0.9801543985281636,0.9085602005367325,0.9690012773668069,0.9042649982486656,0.8111842716927311,0.8121702054748536,0.7731070061886768,0.8422529692109045
1.0857711830151695,1.0940420490079557,1.0447780610491773,0.9929946469269052,0.9898064641435058,0.9211702574955555,0.9151984338092289,0.895329276520687,0.8578424304658832,0.8891340057422408,0.8545704646233416
1.2177920994194844,1.1731571617917964,1.079906012953696,0.9422767197741375,0.985878613582323,0.962639885014172,0.946426627182639,0.863262323861618,0.7393136837894714,0.7674192584614322,0.7528319031289423
1.2647864967104352,1.2404153852341335,1.1418576363409636,0.9551756896798579,1.0188689825775246,0.9492200483804162,0.9201695268000485,0.8418822385800865,0.7465144483399819,0.7328993334053677,0.751029791932847
1.131521294744406,1.1034720886140588,1.0860342706795865,0.9780892640145564,0.9995709568360295,0.9410423655583209,0.9370921510714921,0.8601212580044413,0.7801118626788153,0.7823720646336112,0.7834879476267859
1.1347566146656054,1.1372680663897887,1.0352083742448004,1.009404179872385,0.9290580226613016,0.9569821903371062,0.8549669322810461,0.8459262280245912,0.8860819032152183,0.838174896836492,0.9556580522596997
1.1397834789936705,1.1341548541272812,1.1122464046976261,0.992499115166659,0.9925078927792913,0.9023939196749341,0.9174272911005239,0.8161470415951257,0.7268159871031411,0.7331334964188118,0.6820802087963791
1.147304002078674,1.175212524195632,1.0532070407977268,0.9815103710571162,0.8897322390900957,0.996871858054127,0.8774814463704762,0.8035161461589435,0.8222959434456024,0.8347493744110808,0.897290833570068
1.1282545907610335,1.1377003431383226,1.1044640857010157,0.9586416620313575,0.9827476732397812,0.982230913056878,0.9170873677570072,0.8419945311550373,0.8229364965750153,0.8546366442999201,0.7925151710101849
1.1189607074682848,1.1482322488677512,1.1316238947266186,1.0121351771915146,1.0158064395664141,0.9946378847260244,0.8933712048187906,0.8018353961743944,0.7814698661140668,0.7733411295976049,0.7192895287208496
1.0915212012921411,1.0695015942701067,1.1022983014718462,1.0339636271941297,0.9639109847942772,0.9134336189358236,0.9290981045163477,0.8628311535640582,0.7829148555043218,0.879489319737746,0.9061339807271198
1.1547589634820967,1.1162323842347717,1.0466813192752098,1.028352657203242,1.0239030464367442,1.001861808516351,0.9018398311707801,0.7868135881324535,0.8157339337174454,0.8327560046997817,0.8606242466305926
1.1167413546342146,1.102446335939489,1.0175556498951546,1.0046960762882258,1.013365306732025,0.9963054974957535,0.9151726326776232,0.7783793617713689,0.834221733584072,0.815568574513962,0.8417794410233574
1.2113624233239082,1.1201160069585685,1.0748803695388895,1.0117746340034715,0.9776072327899941,0.9287230495727908,0.9103219185166864,0.7819105307985409,0.7635694222452176,0.7807421813396623,0.8505697844064029
1.1733906404018237,1.1059448722217489,1.0394719715927212,1.0166839762121955,1.020617902243345,0.9913201435220658,0.9393576418740229,0.83650081069318,0.7997858466823391,0.7948805700573224,0.8472742940676183
1.1146604043671222,1.1345451787597927,1.021667398491664,0.9679031266316016,0.9735665229713191,1.0380761598310968,0.9641135197889749,0.7933881429311013,0.7698682820462603,0.7173072385161428,0.7082880528425087
1.0442374437326407,1.1012936134639995,1.1191494617689985,1.0445977861893598,0.9948291684074175,0.9079460510039662,0.8741767666947522,0.8685448273696343,0.8495509371611166,0.8338809366746501,0.8348164535738861
1.082861794730394,1.0915767656719855,1.063399097952592,1.0051903639273796,0.9888922351851592,0.9378883945376286,0.9053114098743009,0.8908829304083918,0.848740280326948,0.8159676411125544,0.8553737662253282
1.167385462657946,1.1430796272631558,1.025726185292234,0.9561845965862653,0.9627652839794959,1.0106504400271588,0.9697361057661285,0.8137245846566445,0.7929845103771956,0.8124552403381895,0.8188710432899267
1.2102299938837566,1.2128837133942034,1.135575045601811,0.9944995181868143,0.92233410138555,0.9292850312372716,0.9672681436444134,0.8921963797393248,0.772434541067291,0.7761951018924156,0.8202678713003244
1.0739171230083961,1.0367426364302714,1.0009876404239872,0.9863125242812699,0.9606220798851853,0.9282648474028982,0.8580189119812063,0.8284764398711746,0.7971233672982811,0.743440545703203,0.7828870322372757
1.0562066347945571,1.0119283170570221,0.9926017911315037,0.9973231706423707,0.9767960402798004,0.9462983782366436,0.8643330414925167,0.8667688501303239,0.8433602245251128,0.7743878279344485,0.8137155897078722
1.159484010367044,1.1175637945614325,1.0762447184418673,1.0391868056859699,0.9378424123490594,0.9077606388235405,0.9159128810131901,0.8219932431563758,0.8263540538420846,0.8577281093817176,0.8048308548824326
1.1633422595634426,1.0775364193851045,1.049518819432726,1.0199870171101435,0.9265251179665298,0.9060525152868143,0.904521091843842,0.7966257654084847,0.8067807484789131,0.9021118157868265,0.8242370140197954
1.2348937798086257,1.0130606258019057,1.0729922410598887,1.0586584209373224,0.987338199470625,0.8667382106369352,0.9219943040759115,0.8109658619591159,0.7715151738435582,0.8068286108483751,0.8370443232390514
1.1177683457502419,1.1491952602257074,1.0545598272777457,1.0133462456676845,0.944904335650133,1.010031134196879,0.8956688681520003,0.8190660117057268,0.7845229017232488,0.7935612866028592,0.7908083941572731
1.1113875707538363,1.0462724220667423,0.9841486669243833,1.0260160457700294,0.9778647755179015,1.016928544391717,0.9402584649976725,0.8225121155527784,0.8076050838290965,0.8784468523029209,0.8965885303423853
1.1022858514845242,1.0297303286508372,0.9596533302033664,1.0166966149705543,0.9573001765662553,0.9583712535986016,0.8991665689805757,0.7801210301110717,0.7726669056341273,0.8372156859541692,0.8318359199882271
1.0009959846322805,1.0935126515646783,1.0951714507317156,0.9965143451886717,0.9041110677059708,0.9209423196828476,0.9321743050922959,0.8991820673929481,0.8689728257280328,0.8410926478266056,0.8842714833019526
1.0553937357848648,1.0030744850720097,0.9895099692886575,0.9842771633859875,1.0460858701432252,0.9790030748930011,0.870355412330869,0.8225840929248802,0.8077543972136655,0.8684522366556386,0.8096881175727473
1.0998032924645793,1.0350244936487394,1.0534110557867533,1.0168173010693338,1.0621041403728153,0.973355329612945,0.8874922379900125,0.8080446530805309,0.7873716589824543,0.8527652121446017,0.8100580189035723
1.1352789531328022,1.0648695385470992,1.0611850243245882,1.0108164825725907,1.075722106374386,0.9707145807808328,0.8783356261294397,0.8077400813581906,0.7795661110839329,0.8398932664520341,0.7944773956826324
1.1356244827518434,1.0556009393392698,1.0599243380504035,0.9740554262715506,1.0185996266215964,0.9517103766605782,0.8593015294693445,0.8814698976771927,0.8945860048482898,0.8868886469281652,0.8222361094198054
1.0684687484160933,1.053846194076291,1.0198559132409897,1.0463948738011553,1.0519408909170986,0.9528280948408887,0.8805964182530743,0.810242707537653,0.7942927720821295,0.8001423653558678,0.8047232760868337
1.1055733930569887,1.0997061518393116,1.0186005360711547,0.9681541901731585,0.9609574611874909,0.9650380388565835,0.9279411868398751,0.8268339305636512,0.8371661989484155,0.7650684314121821,0.7546972835126712
1.1174176023781963,1.1436802398413983,1.123687952037161,1.1596603146792615,0.9807621257181738,0.9758784811915872,0.8793383748188073,0.8290087271574794,0.8795690382716284,0.7731887906680498,0.7573799691085292
1.1393934033660764,1.1724786564200889,1.1087706276388847,0.8877714338909917,0.9865085377255935,0.920762479795696,0.9158263538525138,0.8234661693938785,0.7488909497299258,0.8143158523059086,0.8297351227815334
1.1275981409249303,1.1574760390607022,1.1176497249726338,0.9403246854701008,0.9805391826936,0.9372824696602126,0.9532239657556657,0.8234085143282253,0.8192551422446378,0.8728131136037485,0.8545002342552875
1.1029178139265814,1.1130155686071028,1.088165048798894,0.9493846051134082,1.0241544636726787,0.9206872359853113,0.9529037333072193,0.8232330092961226,0.8137085563489774,0.8885286628613346,0.8441876437740613
1.1004595846635161,1.1592497132778656,1.1229190321956861,1.0198813589502094,0.9379415735563886,0.9110915981886828,0.9123291098112629,0.8650342902467291,0.7810035876526551,0.7428363626090082,0.7887446261797016
1.0677308480035974,1.0875476459046365,1.1022225398468775,1.0458381177334517,0.9762672661061235,0.9282187996421655,0.8983219766379806,0.8587226506539406,0.7559534605438037,0.7639946287922885,0.7934455778523298
1.118052797775829,1.1232325986404457,1.0601846905661485,0.9921129871502449,1.0077448237290194,0.9921235056783065,0.9006422574348136,0.8311442816525368,0.8613273798940522,0.8576680516496298,0.8182242114957631
1.0659610466902572,1.1202185289085564,1.0671816312197757,0.9899693194023873,1.0149273655973108,0.9678747690035999,0.9221677032223442,0.8431006819025957,0.8151242447939886,0.887669136466673,0.8579930275060249
1.1457828479238674,1.117020974449291,1.1072373712973855,1.0727842721965226,0.9505800189917964,0.9566488352599615,0.8816457476370915,0.8239950275322259,0.7801396791239478,0.8091940005272295,0.8794445864494166
1.037951265655425,0.9708053059924545,1.0409597416061283,1.0146684378162785,0.9623730019848525,0.9590829750910783,0.8934109758631862,0.837782201791789,0.8645526715995654,0.8596447978073858,0.8619908715268668
1.1868354093229032,1.2210220342353977,1.0517824928063266,0.9223386634620334,0.9885897081724523,0.936108434790366,0.8538841339614397,0.894153765730135,0.8037142978768537,0.809968106368023,0.7892860996554869
1.198258817468709,1.2000420227022532,1.086922259147603,0.960994958030511,1.0172467593959291,0.957315072027938,0.8687801127160606,0.8504512511185851,0.8010181639142533,0.7243779099267683,0.6095507158272776
1.0127669851259786,1.0891390318443914,1.0350824672844927,0.9671779123587562,1.0045167492491711,0.90931639749491,0.8714331395329598,0.8462186556110947,0.8521239851973464,0.8082306083959018,0.7414274122596689
1.0459413126879535,1.0528766463715065,1.0451935166676496,0.9857988238822654,0.9487295084020225,0.9464614398151129,0.9581863694481169,0.866023768352761,0.8072864211773687,0.8631746523613094,0.8812103355618118
1.2052446600958813,1.1234009849766777,1.0909595369776077,1.029167086273472,0.9548080430404465,0.8941974254103571,0.9003692696050669,0.8770285704221569,0.8166013072235939,0.8056076338399163,0.8508449000974916
1.0536192321308055,1.0695214984227583,0.9718359290223553,0.9713703912002631,1.0624493016513132,0.943146444747573,0.8737171121543666,0.8459255537404807,0.8501496072789734,0.7791554625753607,0.8196315327042472
1.1164681477427267,1.1398426008434828,1.122745127823681,1.0233528898045405,0.8983766707385051,0.9418030026687684,0.9301424650851904,0.9139103681549874,0.8463899404753108,0.8565274186284942,0.8556655486019548
1.101497987550024,1.0554371135331844,0.9851068277926942,0.9996835111032722,0.9883906729485241,0.9779241897209202,0.869827352991968,0.785474906759382,0.7679091184371197,0.7432136147185189,0.7125070470160852
1.0856837116862754,1.0899142455826152,0.9561282200828232,0.9815365131834135,0.9858938584858256,0.9370461533468541,0.8767287569311332,0.8084980107999516,0.8289396492678823,0.8171260979777288,0.7991535212855119
1.1852884972506574,1.1894408994825634,1.1190243638021296,1.0117588036931946,0.9760534289076469,0.9221702815786077,0.9383640778588663,0.8688934223664644,0.8144840511541579,0.7688656485942484,0.7763753791992177
1.0416926799724353,1.0220721947557962,1.0689218621158603,0.9463516060387743,0.9641077670886705,0.9815125037911242,0.8799816483679779,0.8364578790955449,0.7787224719961332,0.8626381819713917,0.8914005931684282
1.1076722347010042,1.131922523279322,1.104205542466496,1.038181768530712,0.9538170895472055,0.9347956843630172,0.9199498292040899,0.8682322381477025,0.8240983155351088,0.8387471065059681,0.8619090394348496
1.0599487951385844,1.046455909585621,1.0724220542718916,1.018957441879453,0.9771964951985485,1.0347642822280605,0.9101286046273038,0.7929712495962729,0.7552317554841397,0.7786091571933434,0.8172624970352236
1.0814086233048872,1.0648855212687094,1.0544872302240178,0.9774841836485334,0.9759739913445661,0.9953631151244654,0.9081059531658963,0.8476767526356878,0.8018683081387642,0.834832918307777,0.8826946333263991
1.1260311902308635,1.1051245144056774,1.0817430118265636,0.9702411872770251,0.9479997833315102,1.0048860604862273,0.9288198466030401,0.8594583699677297,0.769071323641779,0.7990472646929296,0.8189340897518116
1.0048393045115764,1.041279968549453,1.0998739734523795,1.0470256636320256,0.96989066912642,0.9149751103434981,0.8811931881387701,0.8479299319307942,0.8867099753076118,0.8965421412456801,0.8734107046807373
1.172677506813171,1.1871969453716291,1.120333271328231,0.9124115487625654,0.9661670084021861,1.005168587607723,0.9312106179624631,0.8503758742373455,0.7016449621159361,0.7166288358019571,0.6799373120808297
1.2247015251665565,1.2230160401333705,1.1937818198685943,0.9276873518026679,1.010192606679395,1.020399007630369,0.8988459568016494,0.7779494952791013,0.7168927687967118,0.7900764785904394,0.766482372449977
1.1536115799624067,1.2352848301779777,1.1770094341816777,0.927360247749067,0.9393867092977333,1.0160047274390933,0.9853514609381259,0.8236001442874668,0.8474463132578314,0.980845436984024,0.9618383150400446
1.1451172799326184,1.2729280154065636,1.2086467185276135,1.0166728948372408,0.9914020564285537,0.9618294504148202,0.9249454429465188,0.801764116064785,0.8093631187358286,0.8796189109526866,0.8799743569444538
1.0922424680417098,1.0638685136733108,1.0099359940660688,0.9659546172430789,0.9366854779644738,0.9178414507840341,0.8715486389777536,0.8460762363332424,0.776197200209688,0.7168841819255108,0.7066682036386674
1.0934808734836818,1.0794065429845998,1.0365370764793786,1.0565632750890583,0.9386040320493251,0.8902761524499384,0.867278094296217,0.7960674809815157,0.7896371846468242,0.8208069731075359,0.7961244143185033
1.0677980569392294,1.0419196183810715,1.012641943329956,1.0066278920036795,0.9609897364241148,0.9231398346060323,0.8729563442004291,0.8464025342600489,0.852888437799917,0.8673467977858181,0.8883055648761456
1.1625336656021845,1.1948392501290246,1.162387305436947,0.9900746409142342,0.9974789907970126,1.0024164333196568,0.9606097057549207,0.8486065873397284,0.7540788103169054,0.7246452898735805,0.6934062857107878
1.2684104358470678,1.192993750486671,1.1527990335589702,0.9957765416725946,0.9057903027746249,0.9402396341807122,0.908821527848298,0.8422004535915455,0.7854176247058191,0.7094319581621611,0.6772141242030421
1.1212873936787793,1.1210730756681038,1.1249950697065045,0.9776615426349266,0.9662481264884675,0.9518306949241053,0.9006496128578148,0.7934422172580667,0.7977877066724387,0.817080536873687,0.7381391674527035
1.0140837600596841,1.0339014537389735,1.1098515284553936,1.1120103877575536,0.9318200073490077,0.9674006857489684,0.8969092306901626,0.8721083331116926,0.8674867979524992,0.8410282037191755,0.7956206601908803
0.990489822520045,0.981421569968225,1.0731885627937807,1.0931931441840108,0.9210499133892611,0.963822189879289,0.9226942805603859,0.8696016071499983,0.8580730810413816,0.8355420347783178,0.7887460251270971
0.9965705008762269,1.0116886957542868,1.0557193383618324,1.0202780907096543,0.9573372144878931,0.9941403644293814,0.8909149080043146,0.8216706170198782,0.7855925164368124,0.7779010263248869,0.8480171194001823
1.0597238363713262,1.04543915750538,1.086417395612716,1.0481424465405154,0.9634510036174502,0.982848597355749,0.8901536173612875,0.8302506961422358,0.7817881284636307,0.7800275781985978,0.7376018834624909
1.0187098766242095,1.041595726134965,1.0224154710369138,0.9971449343719163,0.961639497403829,0.9387638126320282,0.8695462830159312,0.8929820659782606,0.7989347599114627,0.8586821002144882,0.8286900438066668
1.0812292121372633,1.0886395034924923,1.040373659359816,0.9509144463974312,1.0040000219918532,0.9509393147576843,0.9196580868715662,0.8557682960516271,0.755492433788107,0.6884835255637688,0.7020262102682517
1.196681654671288,1.2490370486822064,1.0403722781957,0.952897137022987,1.0384276236585672,0.947266152853795,0.8936299643117852,0.8479326157821965,0.75853698131213,0.6755001979570047,0.6826230798436502
1.0740687435931622,1.0514090863931473,1.148823391893882,1.0582850629499874,0.8909867707935999,0.920808888026241,0.8988322430803507,0.8422985225034376,0.8605689901799121,0.9436596441057974,0.9262939952087459
1.1323974530415415,1.1268497425417265,0.9946827024899616,1.0092015269237884,1.0391371847744038,0.9586739778353204,0.919437277812478,0.8693996775178894,0.7796497833064585,0.7387430450110055,0.7502308024816849
1.1031392921274994,1.1255661144254145,1.0363508800085037,1.0012988527375564,1.0185717006764934,0.9643398861561598,0.8823575947065524,0.856312315629065,0.825263885037172,0.7668142692011694,0.8002969353153839
1.0642558162884979,1.1733483671047895,1.170091873343548,1.013460266733725,0.9787405233589125,0.9444125722126939,0.8914523186901147,0.8400921406785872,0.8211892800301829,0.7949703340640567,0.8239484085623191
1.0364466565142598,1.0635182010948978,1.038310613250938,0.9774228926402752,0.974068054107539,0.9718338145563449,0.888388007713924,0.8397133239001711,0.7354229207446099,0.7121112084022571,0.7067787847618925
1.0635868804452506,1.114757925292163,1.0790248571201977,1.0100520801320443,0.9443703312736954,0.9327046529613128,0.9226625594839404,0.8661921700697917,0.7882605521221344,0.8173799332862708,0.8120580102865116
1.0810501961618835,1.1257551472725915,1.1135912202108782,1.0197243830059293,0.9552000381127534,0.9601210743163058,0.914110950446322,0.8300126011583351,0.7896904803137623,0.8537006812455646,0.7914379504126392
1.1927911746246944,1.1355089948757267,1.1009969119798133,1.0726245989727,0.9328105048337952,0.9219317583303095,0.8913326323869462,0.8015375625776228,0.7468565045214933,0.7909327020515444,0.783911913427749
1.0686581243529363,1.076481622954882,1.0872522779611031,1.0497557070601902,0.9006989364086633,0.94145924477209,0.9591408867009205,0.8026382017763547,0.7281213525988817,0.7725445089595206,0.7276562218441821
1.0365597032376188,1.0934298220586665,1.082757685066399,1.0642978611994651,0.9397598736071748,0.921994249419795,0.9405552540985657,0.8581328872794614,0.7623069386810449,0.8702103035555201,0.7921217207028148
1.0428051342114477,1.100790614153679,1.1278218308466734,1.0562213608721556,0.961487035779756,0.9280060431714017,0.9208546433838773,0.8290976105582806,0.7021350751368035,0.7733423931088351,0.7007020472439964
1.125546175560134,1.1278078714968751,1.0571095448484515,1.0456413764486887,0.9919019560981303,0.9830140734980453,0.8686020776650296,0.8084636369391253,0.7724495944057767,0.806575251996312,0.7799162768928798
1.0007774521615744,1.0973361736332978,1.0101248370923397,1.006107838079517,0.9637810379238965,0.926828926601089,0.872352001564196,0.8634956176854811,0.825346091161973,0.8169720668297457,0.8343165944408152
1.0020607758440365,1.0796008699064605,1.0732452549476883,1.0407641916975598,0.9024367884995197,0.9080342999263488,0.900048717392601,0.8281084979709424,0.7690264242565324,0.8148173450118813,0.813345768618002
1.0685996058587144,1.1694689111299843,1.0526418069815393,1.0289829995614626,1.048652904314666,0.9955840438170032,0.8689993751941415,0.7915348120521556,0.7256153876095162,0.7459656923500594,0.7335145261341316
1.143040458264335,1.1693079740072851,1.1540753741160803,1.0476901468710986,0.9518579888415726,0.9149938453222557,0.8707162057162775,0.8404861341401791,0.8170301912954122,0.8012811029823677,0.8118699759242841
1.014105546826205,0.9679859466098353,1.1010565426053867,1.0423265880054968,0.9542591897327778,0.9677109950951246,0.8870616682449154,0.827822879520386,0.8075188956992003,0.8621042861799946,0.8479463744888497
1.143870862855131,1.1115076509840482,1.0911539000424906,1.0276746254479026,0.987178352256955,0.9660479961423208,0.8724204864470372,0.8627252063301724,0.8386570010369573,0.8380601436355857,0.8734597491243504
1.0274750499530012,1.036291412637075,1.022418804156839,0.9842896987528785,0.9943369753170994,0.9737573244904875,0.881162466940225,0.89441343845679,0.8725045316877581,0.8646786525820371,0.8869050521609443
1.2118918673163064,1.2488190326006956,1.1948792640421202,0.9952577812043354,0.922453976202508,0.9181374554567651,0.9020713182481398,0.8338217934132621,0.6954116595113501,0.7248700781690377,0.6185169054922269
1.1831509756162717,1.1633919152554792,1.1413110017418049,0.9316887687190083,0.9589308638335637,0.9020094088689893,0.8863179552658703,0.8396702395129333,0.7060763772463451,0.7313161236241554,0.6499730110635891
1.1721481469063433,1.134331565861539,1.0180252742018496,0.9930463002271422,0.9582681357003401,0.9687594221744458,0.8871953662253267,0.9154625436627665,0.8312085080928099,0.7509002384199459,0.7969533768533136
1.1582996704115498,1.093219139935656,1.0606489287106409,1.0305646585289405,0.9593111987159698,0.99392717340933,0.8740407546118681,0.8811810536981939,0.8140217215815133,0.7451778565106116,0.7800907270947021
1.0661040815478102,1.1735381709519415,1.1038490978811462,1.0137927825617694,0.9720229339556511,0.9282490393949303,0.9184798095689997,0.7937363382385897,0.7996287199585915,0.9102420664247655,0.8501422204270026
1.0879180764354226,1.102075603192014,1.0748135371351952,1.0115178568110945,0.9164099209419782,0.9136546344071558,0.8813390461897194,0.8515452371980753,0.9085587683332415,0.9748455661564697,1.0054920610289018
1.1424842785823093,1.1364447370831114,1.0778237839056248,0.988417146524515,0.9331531352093274,1.0010662430599533,0.9154713076742997,0.8026008978833223,0.7547773596729255,0.8217070559894367,0.7913381279276257
1.1252679678193083,1.1813650915650766,1.0619893907136828,0.993162329803531,0.9915463656944602,0.892089582786475,0.8632520217870059,0.8520379507385282,0.8246457557670286,0.8468945300863014,0.8770590605558736
1.1079988283385616,1.1802646132783252,1.1028121984264452,0.982886866870353,1.0048450606353314,0.9482831875356096,0.8938542993150567,0.8889631556547651,0.8224054594827077,0.7542529573341721,0.8112844247923678
1.0914135096024034,1.1068016329501817,1.0570815567162768,1.0125906441307033,0.9918605973366156,0.9419253097855399,0.90090299041918,0.8727821402771423,0.8402292092924335,0.8802342360954686,0.8521170727537826
1.0988923949783889,1.077341686269721,1.089523465487811,1.0546966870090677,0.9557394548392969,0.9356242190829493,0.9300767277603932,0.8404355971928588,0.7659391050951682,0.7979494780355773,0.8071353384118977
1.1399661478466787,1.178940515490807,1.0781356947255343,0.9738218201601473,0.9848847408991285,0.9458396419291586,0.8744992489662082,0.8495169219493618,0.8414328787613631,0.8012752592463848,0.8102601174486321
1.1022418799146527,1.1102024017380046,1.1009431405326675,0.9586941662667644,0.9843338047474657,0.9301593357833434,0.8740720800352865,0.8454060187144328,0.8452421103207934,0.8245954035556368,0.8371062808034834
1.1523060082196157,1.150960943299189,1.1111083394193373,0.952427235812661,0.9277390176103678,0.9751323780515293,0.9317928351095623,0.8746968241452346,0.8024726781298898,0.7947868168293014,0.7923923753332341
1.128480920895521,1.124007378233165,1.067229218447985,1.0362218519831141,0.9719737952299031,0.928702987533974,0.9114120966019439,0.8217413023770743,0.7899663284671435,0.7739228907974582,0.8256705694431247
1.1159923998500434,1.1144322426572775,1.0671775816120692,1.0221988214834978,0.9830742055765036,0.9165336334842425,0.9182317840183982,0.8567688712020016,0.8149905517496507,0.8029760838276667,0.8338556224793149
1.1723265619884664,1.222359091104596,1.1450165900043296,1.0014851032619294,1.0449221805154274,0.9599923851225189,0.9098107591162032,0.824254219974864,0.7940229914957279,0.8197179975008151,0.8222117961642323
1.0141134280073751,1.0439772153388045,1.1088210451697007,1.0622111696987075,0.9178165852378255,0.9192135484790513,0.9213275019765994,0.8021072274271291,0.7467903308510693,0.7565143884571982,0.8160874672214516
